sku,nomeCatalogo,marcaCatalogo,slot,set,esitoDocumentale,compatibilitaScheda,collaudoFisico,nota,datiNecessari,fonti,verificaWebIndividuale
frame-alu,Telaio Alluminio 6013,Vertex,frame,1,DATI_INSUFFICIENTI,NON_VERIFICATA,NON_ESEGUITO,Voce di catalogo non equivalente a part number acquistabile e qualificato. Non ricercata individualmente in questa prima passata.,Disegno CAD e tolleranze con un modello/revisione identificato.,,NO_O_SOLO_FAMIGLIA
frame-ti,Telaio Titanio Grado 5,AeroForge,frame,3,DATI_INSUFFICIENTI,NON_VERIFICATA,NON_ESEGUITO,Voce di catalogo non equivalente a part number acquistabile e qualificato. Non ricercata individualmente in questa prima passata.,Disegno CAD e tolleranze con un modello/revisione identificato.,,NO_O_SOLO_FAMIGLIA
frame-poly,Telaio Policarbonato,EcoLine,frame,5,DATI_INSUFFICIENTI,NON_VERIFICATA,NON_ESEGUITO,Voce di catalogo non equivalente a part number acquistabile e qualificato. Non ricercata individualmente in questa prima passata.,Disegno CAD e tolleranze con un modello/revisione identificato.,,NO_O_SOLO_FAMIGLIA
frame-mag,Telaio Qi2 magnetico,Vertex,frame,9,DATI_INSUFFICIENTI,NON_VERIFICATA,NON_ESEGUITO,Voce di catalogo non equivalente a part number acquistabile e qualificato. Non ricercata individualmente in questa prima passata.,Disegno CAD e tolleranze con un modello/revisione identificato.,,NO_O_SOLO_FAMIGLIA
soc-x90,Snapdragon 8 Elite,Qualcomm,soc,2,FAMIGLIA_DOCUMENTATA_NON_QUALIFICATA,NON_VERIFICATA,NON_ESEGUITO,"Verificata famiglia e tipo memoria pubblicato; non package/pinout, motherboard o tutti i dati del catalogo.","Package/revisione e ball map, reference design, PMIC e sequenze, BSP/firmware, lista memorie qualificate.",https://www.qualcomm.com/content/dam/qcomm-martech/dm-assets/documents/Snapdragon-8-Elite-Platform-Product-Brief.pdf,PARZIALE_FAMIGLIA
soc-8e,Snapdragon 8 Gen 3,Qualcomm,soc,4,FAMIGLIA_DOCUMENTATA_NON_QUALIFICATA,NON_VERIFICATA,NON_ESEGUITO,"Verificata famiglia e tipo memoria pubblicato; non package/pinout, motherboard o tutti i dati del catalogo.","Package/revisione e ball map, reference design, PMIC e sequenze, BSP/firmware, lista memorie qualificate.",https://docs.qualcomm.com/doc/87-71408-1/87-71408-1_REV_G_Snapdragon_8_gen_3_Mobile_Platform_Product_Brief.pdf,PARZIALE_FAMIGLIA
soc-vertv2,Exynos 2400,Samsung,soc,6,DATI_INSUFFICIENTI,NON_VERIFICATA,NON_ESEGUITO,Voce di catalogo non equivalente a part number acquistabile e qualificato. Non ricercata individualmente in questa prima passata.,"Package/revisione e ball map, reference design, PMIC e sequenze, BSP/firmware, lista memorie qualificate.",,NO_O_SOLO_FAMIGLIA
soc-7g2,Snapdragon 7+ Gen 3,Qualcomm,soc,4,FAMIGLIA_DOCUMENTATA_NON_QUALIFICATA,NON_VERIFICATA,NON_ESEGUITO,"Verificata famiglia e tipo memoria pubblicato; non package/pinout, motherboard o tutti i dati del catalogo.","Package/revisione e ball map, reference design, PMIC e sequenze, BSP/firmware, lista memorie qualificate.",https://docs.qualcomm.com/doc/87-73943-1/87-73943-1_REV_E_Snapdragon_7__Gen_3_Mobile_Platform_Product_Brief.pdf,PARZIALE_FAMIGLIA
soc-q6,Dimensity 8300-Ultra,MediaTek,soc,6,DATI_INSUFFICIENTI,NON_VERIFICATA,NON_ESEGUITO,Ricercata famiglia 8300; suffisso Ultra e implementazione specifica non qualificati.,"Package/revisione e ball map, reference design, PMIC e sequenze, BSP/firmware, lista memorie qualificate.",https://www.mediatek.com/products/tablets/mediatek-dimensity-8300,NO_O_SOLO_FAMIGLIA
soc-g99,Helio G99,MediaTek,soc,11,FAMIGLIA_DOCUMENTATA_NON_QUALIFICATA,NON_VERIFICATA,NON_ESEGUITO,"Verificata famiglia e tipo memoria pubblicato; non package/pinout, motherboard o tutti i dati del catalogo.","Package/revisione e ball map, reference design, PMIC e sequenze, BSP/firmware, lista memorie qualificate.",https://www.mediatek.com/products/smartphones/mediatek-helio-g99,PARZIALE_FAMIGLIA
soc-helio,Unisoc T7250,Unisoc,soc,11,DATI_INSUFFICIENTI,NON_VERIFICATA,NON_ESEGUITO,Voce di catalogo non equivalente a part number acquistabile e qualificato. Non ricercata individualmente in questa prima passata.,"Package/revisione e ball map, reference design, PMIC e sequenze, BSP/firmware, lista memorie qualificate.",,NO_O_SOLO_FAMIGLIA
soc-8e2,Snapdragon 8 Elite Gen 5,Qualcomm,soc,10,DATI_INSUFFICIENTI,NON_VERIFICATA,NON_ESEGUITO,Voce di catalogo non equivalente a part number acquistabile e qualificato. Non ricercata individualmente in questa prima passata.,"Package/revisione e ball map, reference design, PMIC e sequenze, BSP/firmware, lista memorie qualificate.",,NO_O_SOLO_FAMIGLIA
soc-tensor,Tensor G5,Google,soc,11,DATI_INSUFFICIENTI,NON_VERIFICATA,NON_ESEGUITO,Voce di catalogo non equivalente a part number acquistabile e qualificato. Non ricercata individualmente in questa prima passata.,"Package/revisione e ball map, reference design, PMIC e sequenze, BSP/firmware, lista memorie qualificate.",,NO_O_SOLO_FAMIGLIA
soc-d9400,Dimensity 9400,MediaTek,soc,8,FAMIGLIA_DOCUMENTATA_NON_QUALIFICATA,NON_VERIFICATA,NON_ESEGUITO,"Verificata famiglia e tipo memoria pubblicato; non package/pinout, motherboard o tutti i dati del catalogo.","Package/revisione e ball map, reference design, PMIC e sequenze, BSP/firmware, lista memorie qualificate.",https://www.mediatek.com/products/smartphones/mediatek-dimensity-9400,PARZIALE_FAMIGLIA
soc-dim95,Dimensity 9500,MediaTek,soc,10,FAMIGLIA_DOCUMENTATA_NON_QUALIFICATA,NON_VERIFICATA,NON_ESEGUITO,"Verificata famiglia e tipo memoria pubblicato; non package/pinout, motherboard o tutti i dati del catalogo. Contrasto catalogo: 2 nm/Cortex-X930/Immortalis G930 contro N3P/C1/Mali-G1 Ultra nella fonte ufficiale.","Package/revisione e ball map, reference design, PMIC e sequenze, BSP/firmware, lista memorie qualificate.",https://www.mediatek.com/products/smartphones/mediatek-dimensity-9500,PARZIALE_FAMIGLIA
ram-4,4 GB LPDDR4X,Micron,ram,2,DATI_INSUFFICIENTI,NON_VERIFICATA,NON_ESEGUITO,"Specifica generica senza MPN. Le cifre del catalogo in MHz richiedono revisione di clock vs data rate; la fonte SK hynix e di famiglia, non prova di ogni SKU.","MPN completo, package PoP/MCP/discreto, densita die, canali, tensioni, timing, bin velocita e qualifica sul SoC.",https://product.skhynix.com/products/dram/lpddr.go?appTypCd=APX02&treeNo=1055,NO_O_SOLO_FAMIGLIA
ram-6,6 GB LPDDR4X,Samsung,ram,4,DATI_INSUFFICIENTI,NON_VERIFICATA,NON_ESEGUITO,"Specifica generica senza MPN. Le cifre del catalogo in MHz richiedono revisione di clock vs data rate; la fonte SK hynix e di famiglia, non prova di ogni SKU.","MPN completo, package PoP/MCP/discreto, densita die, canali, tensioni, timing, bin velocita e qualifica sul SoC.",https://product.skhynix.com/products/dram/lpddr.go?appTypCd=APX02&treeNo=1055,NO_O_SOLO_FAMIGLIA
ram-8,8 GB LPDDR5,SK Hynix,ram,6,DATI_INSUFFICIENTI,NON_VERIFICATA,NON_ESEGUITO,"Specifica generica senza MPN. Le cifre del catalogo in MHz richiedono revisione di clock vs data rate; la fonte SK hynix e di famiglia, non prova di ogni SKU.","MPN completo, package PoP/MCP/discreto, densita die, canali, tensioni, timing, bin velocita e qualifica sul SoC.",https://product.skhynix.com/products/dram/lpddr.go?appTypCd=APX02&treeNo=1055,NO_O_SOLO_FAMIGLIA
ram-12,12 GB LPDDR5X,Samsung,ram,4,DATI_INSUFFICIENTI,NON_VERIFICATA,NON_ESEGUITO,"Specifica generica senza MPN. Le cifre del catalogo in MHz richiedono revisione di clock vs data rate; la fonte SK hynix e di famiglia, non prova di ogni SKU.","MPN completo, package PoP/MCP/discreto, densita die, canali, tensioni, timing, bin velocita e qualifica sul SoC.",https://product.skhynix.com/products/dram/lpddr.go?appTypCd=APX02&treeNo=1055,NO_O_SOLO_FAMIGLIA
ram-16,16 GB LPDDR5X,SK Hynix,ram,6,DATI_INSUFFICIENTI,NON_VERIFICATA,NON_ESEGUITO,"Specifica generica senza MPN. Le cifre del catalogo in MHz richiedono revisione di clock vs data rate; la fonte SK hynix e di famiglia, non prova di ogni SKU. La correzione grafica V17 9600 MHz era editoriale, non tecnicamente validata; 9600 Mbps e la misura di data rate pubblicata per la famiglia.","MPN completo, package PoP/MCP/discreto, densita die, canali, tensioni, timing, bin velocita e qualifica sul SoC.",https://product.skhynix.com/products/dram/lpddr.go?appTypCd=APX02&treeNo=1055,NO_O_SOLO_FAMIGLIA
ram-24,24 GB LPDDR5X,Samsung,ram,8,DATI_INSUFFICIENTI,NON_VERIFICATA,NON_ESEGUITO,"Specifica generica senza MPN. Le cifre del catalogo in MHz richiedono revisione di clock vs data rate; la fonte SK hynix e di famiglia, non prova di ogni SKU.","MPN completo, package PoP/MCP/discreto, densita die, canali, tensioni, timing, bin velocita e qualifica sul SoC.",https://product.skhynix.com/products/dram/lpddr.go?appTypCd=APX02&treeNo=1055,NO_O_SOLO_FAMIGLIA
sto-64,64 GB UFS 2.2,Micron,storage,2,DATI_INSUFFICIENTI,NON_VERIFICATA,NON_ESEGUITO,Voce di catalogo non equivalente a part number acquistabile e qualificato. Non ricercata individualmente in questa prima passata.,"MPN, ball map, tensioni, modalita host/device, boot e firmware; UFS/eMMC non deducibili dal solo rettangolo.",,NO_O_SOLO_FAMIGLIA
sto-128,128 GB UFS 3.1,Samsung,storage,4,DATI_INSUFFICIENTI,NON_VERIFICATA,NON_ESEGUITO,Voce di catalogo non equivalente a part number acquistabile e qualificato. Non ricercata individualmente in questa prima passata.,"MPN, ball map, tensioni, modalita host/device, boot e firmware; UFS/eMMC non deducibili dal solo rettangolo.",,NO_O_SOLO_FAMIGLIA
sto-256,256 GB UFS 3.1,Kioxia,storage,6,DATI_INSUFFICIENTI,NON_VERIFICATA,NON_ESEGUITO,Voce di catalogo non equivalente a part number acquistabile e qualificato. Non ricercata individualmente in questa prima passata.,"MPN, ball map, tensioni, modalita host/device, boot e firmware; UFS/eMMC non deducibili dal solo rettangolo.",,NO_O_SOLO_FAMIGLIA
sto-512,512 GB UFS 4.0,Samsung,storage,8,DATI_INSUFFICIENTI,NON_VERIFICATA,NON_ESEGUITO,Voce di catalogo non equivalente a part number acquistabile e qualificato. Non ricercata individualmente in questa prima passata.,"MPN, ball map, tensioni, modalita host/device, boot e firmware; UFS/eMMC non deducibili dal solo rettangolo.",,NO_O_SOLO_FAMIGLIA
sto-1tb,1 TB UFS 4.0,Samsung,storage,11,DATI_INSUFFICIENTI,NON_VERIFICATA,NON_ESEGUITO,Voce di catalogo non equivalente a part number acquistabile e qualificato. Non ricercata individualmente in questa prima passata.,"MPN, ball map, tensioni, modalita host/device, boot e firmware; UFS/eMMC non deducibili dal solo rettangolo.",,NO_O_SOLO_FAMIGLIA
board-std,Mainboard SBS-A7,SBS Parts,motherboard,1,PCB_NON_DOCUMENTATO,NON_VERIFICATA,NON_ESEGUITO,Nessun progetto PCB/fabbricazione individuato nei file del repository. Le ricerche mirate SBS-A7 e SBS-X9/SBS-G8 non hanno restituito documentazione pertinente; non prova di inesistenza.,"MPN/revisione PCB, schema, netlist, stack-up, Gerber/ODB++, BOM, XY pick-and-place, pinout, firmware e collaudi.",,NO_O_SOLO_FAMIGLIA
board-pro,Mainboard SBS-X9 Pro,SBS Parts,motherboard,3,PCB_NON_DOCUMENTATO,NON_VERIFICATA,NON_ESEGUITO,Nessun progetto PCB/fabbricazione individuato nei file del repository. Le ricerche mirate SBS-A7 e SBS-X9/SBS-G8 non hanno restituito documentazione pertinente; non prova di inesistenza.,"MPN/revisione PCB, schema, netlist, stack-up, Gerber/ODB++, BOM, XY pick-and-place, pinout, firmware e collaudi.",,NO_O_SOLO_FAMIGLIA
th-gra,Foglio di grafite,CoolCo,thermal,2,DATI_INSUFFICIENTI,NON_VERIFICATA,NON_ESEGUITO,Voce di catalogo non equivalente a part number acquistabile e qualificato. Non ricercata individualmente in questa prima passata.,"Disegno/spessore, compressione, conducibilita, contatti e verifica termica.",,NO_O_SOLO_FAMIGLIA
th-vc,Vapor chamber,CoolCo,thermal,"2,4",DATI_INSUFFICIENTI,NON_VERIFICATA,NON_ESEGUITO,Voce di catalogo non equivalente a part number acquistabile e qualificato. Non ricercata individualmente in questa prima passata.,"Disegno/spessore, compressione, conducibilita, contatti e verifica termica.",,NO_O_SOLO_FAMIGLIA
th-gra-vc,Grafene + VC,CoolCo,thermal,6,DATI_INSUFFICIENTI,NON_VERIFICATA,NON_ESEGUITO,Voce di catalogo non equivalente a part number acquistabile e qualificato. Non ricercata individualmente in questa prima passata.,"Disegno/spessore, compressione, conducibilita, contatti e verifica termica.",,NO_O_SOLO_FAMIGLIA
bat-3000,Cella 3000 mAh,ATL,battery,1,DATI_INSUFFICIENTI,NON_VERIFICATA,NON_ESEGUITO,Voce di catalogo non equivalente a part number acquistabile e qualificato. Non ricercata individualmente in questa prima passata.,"MPN e quote, topologia celle, protezione/BMS, NTC, Vmax di carica, correnti ammesse e caricatore qualificato.",,NO_O_SOLO_FAMIGLIA
bat-4500,Cella 4500 mAh,ATL,battery,3,DATI_INSUFFICIENTI,NON_VERIFICATA,NON_ESEGUITO,Voce di catalogo non equivalente a part number acquistabile e qualificato. Non ricercata individualmente in questa prima passata.,"MPN e quote, topologia celle, protezione/BMS, NTC, Vmax di carica, correnti ammesse e caricatore qualificato.",,NO_O_SOLO_FAMIGLIA
bat-5000,Cella 5000 mAh,BYD,battery,5,DATI_INSUFFICIENTI,NON_VERIFICATA,NON_ESEGUITO,Voce di catalogo non equivalente a part number acquistabile e qualificato. Non ricercata individualmente in questa prima passata.,"MPN e quote, topologia celle, protezione/BMS, NTC, Vmax di carica, correnti ammesse e caricatore qualificato.",,NO_O_SOLO_FAMIGLIA
bat-6000,Cella 6000 mAh Si/C,ATL,battery,7,DATI_INSUFFICIENTI,NON_VERIFICATA,NON_ESEGUITO,Voce di catalogo non equivalente a part number acquistabile e qualificato. Non ricercata individualmente in questa prima passata.,"MPN e quote, topologia celle, protezione/BMS, NTC, Vmax di carica, correnti ammesse e caricatore qualificato.",,NO_O_SOLO_FAMIGLIA
bat-7000,Cella 7000 mAh Si/C,BYD,battery,9,DATI_INSUFFICIENTI,NON_VERIFICATA,NON_ESEGUITO,Voce di catalogo non equivalente a part number acquistabile e qualificato. Non ricercata individualmente in questa prima passata.,"MPN e quote, topologia celle, protezione/BMS, NTC, Vmax di carica, correnti ammesse e caricatore qualificato.",,NO_O_SOLO_FAMIGLIA
bat-dual,Doppia cella 5500 mAh,ATL,battery,11,DATI_INSUFFICIENTI,NON_VERIFICATA,NON_ESEGUITO,Voce di catalogo non equivalente a part number acquistabile e qualificato. Non ricercata individualmente in questa prima passata.,"MPN e quote, topologia celle, protezione/BMS, NTC, Vmax di carica, correnti ammesse e caricatore qualificato.",,NO_O_SOLO_FAMIGLIA
disp-lcd,"LCD IPS 6.1"" 60Hz",BOE,display,1,DATI_INSUFFICIENTI,NON_VERIFICATA,NON_ESEGUITO,Voce di catalogo non equivalente a part number acquistabile e qualificato. Non ricercata individualmente in questa prima passata.,"MPN pannello+touch, disegno quotato, connettore, pinout, MIPI DSI, rail, sequenze e driver.",,NO_O_SOLO_FAMIGLIA
disp-oled,"OLED 6.4"" 90Hz",Samsung Display,display,3,DATI_INSUFFICIENTI,NON_VERIFICATA,NON_ESEGUITO,Voce di catalogo non equivalente a part number acquistabile e qualificato. Non ricercata individualmente in questa prima passata.,"MPN pannello+touch, disegno quotato, connettore, pinout, MIPI DSI, rail, sequenze e driver.",,NO_O_SOLO_FAMIGLIA
disp-am,"AMOLED LTPO 6.7"" 120Hz",Samsung Display,display,5,DATI_INSUFFICIENTI,NON_VERIFICATA,NON_ESEGUITO,Voce di catalogo non equivalente a part number acquistabile e qualificato. Non ricercata individualmente in questa prima passata.,"MPN pannello+touch, disegno quotato, connettore, pinout, MIPI DSI, rail, sequenze e driver.",,NO_O_SOLO_FAMIGLIA
disp-2k,"AMOLED 2K 6.9"" 144Hz",Samsung Display,display,7,DATI_INSUFFICIENTI,NON_VERIFICATA,NON_ESEGUITO,Voce di catalogo non equivalente a part number acquistabile e qualificato. Non ricercata individualmente in questa prima passata.,"MPN pannello+touch, disegno quotato, connettore, pinout, MIPI DSI, rail, sequenze e driver.",,NO_O_SOLO_FAMIGLIA
glass-gg5,Gorilla Glass 5,Corning,glass,1,DATI_INSUFFICIENTI,NON_VERIFICATA,NON_ESEGUITO,Voce di catalogo non equivalente a part number acquistabile e qualificato. Non ricercata individualmente in questa prima passata.,"MPN vetro sagomato, quote, foro, adesivo, tolleranze e pannello abbinato.",,NO_O_SOLO_FAMIGLIA
glass-dt,Dragontrail Star 2,AGC,glass,3,DATI_INSUFFICIENTI,NON_VERIFICATA,NON_ESEGUITO,Voce di catalogo non equivalente a part number acquistabile e qualificato. Non ricercata individualmente in questa prima passata.,"MPN vetro sagomato, quote, foro, adesivo, tolleranze e pannello abbinato.",,NO_O_SOLO_FAMIGLIA
glass-victus3,Gorilla Glass Victus 2,Corning,glass,5,DATI_INSUFFICIENTI,NON_VERIFICATA,NON_ESEGUITO,Voce di catalogo non equivalente a part number acquistabile e qualificato. Non ricercata individualmente in questa prima passata.,"MPN vetro sagomato, quote, foro, adesivo, tolleranze e pannello abbinato.",,NO_O_SOLO_FAMIGLIA
glass-zaf,Zaffiro sintetico,CrystalLux,glass,9,DATI_INSUFFICIENTI,NON_VERIFICATA,NON_ESEGUITO,Voce di catalogo non equivalente a part number acquistabile e qualificato. Non ricercata individualmente in questa prima passata.,"MPN vetro sagomato, quote, foro, adesivo, tolleranze e pannello abbinato.",,NO_O_SOLO_FAMIGLIA
back-glossy,Cover vetro lucido,LuxGuard,backcover,1,DATI_INSUFFICIENTI,NON_VERIFICATA,NON_ESEGUITO,Voce di catalogo non equivalente a part number acquistabile e qualificato. Non ricercata individualmente in questa prima passata.,"Disegno CAD, aperture camere, materiali RF, tolleranze, fissaggi.",,NO_O_SOLO_FAMIGLIA
back-matte,Cover vetro satinato,LuxGuard,backcover,3,DATI_INSUFFICIENTI,NON_VERIFICATA,NON_ESEGUITO,Voce di catalogo non equivalente a part number acquistabile e qualificato. Non ricercata individualmente in questa prima passata.,"Disegno CAD, aperture camere, materiali RF, tolleranze, fissaggi.",,NO_O_SOLO_FAMIGLIA
back-cer,Cover in ceramica,LuxGuard,backcover,5,DATI_INSUFFICIENTI,NON_VERIFICATA,NON_ESEGUITO,Voce di catalogo non equivalente a part number acquistabile e qualificato. Non ricercata individualmente in questa prima passata.,"Disegno CAD, aperture camere, materiali RF, tolleranze, fissaggi.",,NO_O_SOLO_FAMIGLIA
back-alu,Cover alluminio,Vertex,backcover,11,DATI_INSUFFICIENTI,NON_VERIFICATA,NON_ESEGUITO,Voce di catalogo non equivalente a part number acquistabile e qualificato. Non ricercata individualmente in questa prima passata.,"Disegno CAD, aperture camere, materiali RF, tolleranze, fissaggi.",,NO_O_SOLO_FAMIGLIA
back-leather,Cover pelle vegana,EcoLine,backcover,11,DATI_INSUFFICIENTI,NON_VERIFICATA,NON_ESEGUITO,Voce di catalogo non equivalente a part number acquistabile e qualificato. Non ricercata individualmente in questa prima passata.,"Disegno CAD, aperture camere, materiali RF, tolleranze, fissaggi.",,NO_O_SOLO_FAMIGLIA
cam-dual,Dual 12 MP · IMX363,Sony,cameraRear,1,DATI_INSUFFICIENTI,NON_VERIFICATA,NON_ESEGUITO,Voce di catalogo non equivalente a part number acquistabile e qualificato. Non ricercata individualmente in questa prima passata.,"MPN modulo completo, ottica/OIS, connettore e CSI, rail, clock, driver e tarature ISP.",,NO_O_SOLO_FAMIGLIA
cam-triple,Triple 50 MP OIS · IMX906,Sony,cameraRear,3,DATI_INSUFFICIENTI,NON_VERIFICATA,NON_ESEGUITO,Voce di catalogo non equivalente a part number acquistabile e qualificato. Non ricercata individualmente in questa prima passata.,"MPN modulo completo, ottica/OIS, connettore e CSI, rail, clock, driver e tarature ISP.",,NO_O_SOLO_FAMIGLIA
cam-quad,Quad 200 MP · ISOCELL HP2,Samsung,cameraRear,5,DATI_INSUFFICIENTI,NON_VERIFICATA,NON_ESEGUITO,Voce di catalogo non equivalente a part number acquistabile e qualificato. Non ricercata individualmente in questa prima passata.,"MPN modulo completo, ottica/OIS, connettore e CSI, rail, clock, driver e tarature ISP.",,NO_O_SOLO_FAMIGLIA
camf-8,Frontale 8 MP · IMX355,Sony,cameraFront,1,DATI_INSUFFICIENTI,NON_VERIFICATA,NON_ESEGUITO,Voce di catalogo non equivalente a part number acquistabile e qualificato. Non ricercata individualmente in questa prima passata.,"MPN modulo completo, ottica/AF, connettore e CSI, rail, clock, driver e tarature ISP.",,NO_O_SOLO_FAMIGLIA
camf-32,Frontale 32 MP AF · IMX615,Sony,cameraFront,3,DATI_INSUFFICIENTI,NON_VERIFICATA,NON_ESEGUITO,Voce di catalogo non equivalente a part number acquistabile e qualificato. Non ricercata individualmente in questa prima passata.,"MPN modulo completo, ottica/AF, connettore e CSI, rail, clock, driver e tarature ISP.",,NO_O_SOLO_FAMIGLIA
spk-mono,Speaker mono bottom,AAC Technologies,speaker,1,DATI_INSUFFICIENTI,NON_VERIFICATA,NON_ESEGUITO,Voce di catalogo non equivalente a part number acquistabile e qualificato. Non ricercata individualmente in questa prima passata.,"MPN, impedenza, potenza e risposta, codec/amplificatore e volume acustico.",,NO_O_SOLO_FAMIGLIA
spk-stereo,Stereo con capsula,AAC Technologies,speaker,3,DATI_INSUFFICIENTI,NON_VERIFICATA,NON_ESEGUITO,Voce di catalogo non equivalente a part number acquistabile e qualificato. Non ricercata individualmente in questa prima passata.,"MPN, impedenza, potenza e risposta, codec/amplificatore e volume acustico.",,NO_O_SOLO_FAMIGLIA
spk-dolby,Stereo simmetrico + Atmos,AAC Technologies,speaker,5,DATI_INSUFFICIENTI,NON_VERIFICATA,NON_ESEGUITO,Voce di catalogo non equivalente a part number acquistabile e qualificato. Non ricercata individualmente in questa prima passata.,"MPN, impedenza, potenza e risposta, codec/amplificatore e volume acustico.",,NO_O_SOLO_FAMIGLIA
usb-20,USB-C 2.0,Amphenol,usb,1,DATI_INSUFFICIENTI,NON_VERIFICATA,NON_ESEGUITO,Voce di catalogo non equivalente a part number acquistabile e qualificato. Non ricercata individualmente in questa prima passata.,"MPN connettore/flex, pinout, rating elettrico, controller PD, mux/retimer, ESD e progetto del power path.",,NO_O_SOLO_FAMIGLIA
usb-32,USB-C 3.2 Gen 2,Amphenol,usb,3,DATI_INSUFFICIENTI,NON_VERIFICATA,NON_ESEGUITO,Voce di catalogo non equivalente a part number acquistabile e qualificato. Non ricercata individualmente in questa prima passata.,"MPN connettore/flex, pinout, rating elettrico, controller PD, mux/retimer, ESD e progetto del power path.",,NO_O_SOLO_FAMIGLIA
usb-40,USB4 40 Gbps,Amphenol,usb,5,DATI_INSUFFICIENTI,NON_VERIFICATA,NON_ESEGUITO,Voce di catalogo non equivalente a part number acquistabile e qualificato. Non ricercata individualmente in questa prima passata.,"MPN connettore/flex, pinout, rating elettrico, controller PD, mux/retimer, ESD e progetto del power path.",,NO_O_SOLO_FAMIGLIA
ant-wifi5,Flex Wi-Fi 5 / 4G,Qorvo,antenna,2,DATI_INSUFFICIENTI,NON_VERIFICATA,NON_ESEGUITO,Voce di catalogo non equivalente a part number acquistabile e qualificato. Non ricercata individualmente in questa prima passata.,"MPN antenna e radio, matching RF, bande, geometria massa, connettori e risultati RF.",,NO_O_SOLO_FAMIGLIA
ant-wifi7,Flex Wi-Fi 7 / 5G mmWave,Qorvo,antenna,4,DATI_INSUFFICIENTI,NON_VERIFICATA,NON_ESEGUITO,Voce di catalogo non equivalente a part number acquistabile e qualificato. Non ricercata individualmente in questa prima passata.,"MPN antenna e radio, matching RF, bande, geometria massa, connettori e risultati RF.",,NO_O_SOLO_FAMIGLIA
hap-erm,Motorino ERM,Leaderdrive,haptics,2,DATI_INSUFFICIENTI,NON_VERIFICATA,NON_ESEGUITO,Voce di catalogo non equivalente a part number acquistabile e qualificato. Non ricercata individualmente in questa prima passata.,"MPN, risonanza/tensione, driver e meccanica.",,NO_O_SOLO_FAMIGLIA
hap-x,Motore lineare asse X,Leaderdrive,haptics,4,DATI_INSUFFICIENTI,NON_VERIFICATA,NON_ESEGUITO,Voce di catalogo non equivalente a part number acquistabile e qualificato. Non ricercata individualmente in questa prima passata.,"MPN, risonanza/tensione, driver e meccanica.",,NO_O_SOLO_FAMIGLIA
mic-1,MEMS singolo,Knowles,mic,"2,8",DATI_INSUFFICIENTI,NON_VERIFICATA,NON_ESEGUITO,Voce di catalogo non equivalente a part number acquistabile e qualificato. Non ricercata individualmente in questa prima passata.,"MPN, interfaccia, bias/rail, clock, disposizione e DSP.",,NO_O_SOLO_FAMIGLIA
mic-3,Array 3 MEMS,Knowles,mic,4,DATI_INSUFFICIENTI,NON_VERIFICATA,NON_ESEGUITO,Voce di catalogo non equivalente a part number acquistabile e qualificato. Non ricercata individualmente in questa prima passata.,"MPN, interfaccia, bias/rail, clock, disposizione e DSP.",,NO_O_SOLO_FAMIGLIA
sim-nano,Carrello nano-SIM,Luxshare,sim,2,DATI_INSUFFICIENTI,NON_VERIFICATA,NON_ESEGUITO,Voce di catalogo non equivalente a part number acquistabile e qualificato. Non ricercata individualmente in questa prima passata.,MPN e quote del socket/carrello; pinout e controller.,,NO_O_SOLO_FAMIGLIA
sim-esim,Modulo eSIM + nano,Luxshare,sim,4,DATI_INSUFFICIENTI,NON_VERIFICATA,NON_ESEGUITO,Voce di catalogo non equivalente a part number acquistabile e qualificato. Non ricercata individualmente in questa prima passata.,MPN e quote del socket/carrello; pinout e controller.,,NO_O_SOLO_FAMIGLIA
frame-classic,Telaio Classico 2016,RetroWorks,frame,11,DATI_INSUFFICIENTI,NON_VERIFICATA,NON_ESEGUITO,Voce di catalogo non equivalente a part number acquistabile e qualificato. Non ricercata individualmente in questa prima passata.,Disegno CAD e tolleranze con un modello/revisione identificato.,,NO_O_SOLO_FAMIGLIA
soc-exy26,Exynos 2600,Samsung,soc,11,DATI_INSUFFICIENTI,NON_VERIFICATA,NON_ESEGUITO,Voce di catalogo non equivalente a part number acquistabile e qualificato. Non ricercata individualmente in questa prima passata.,"Package/revisione e ball map, reference design, PMIC e sequenze, BSP/firmware, lista memorie qualificate.",,NO_O_SOLO_FAMIGLIA
soc-ten6,Tensor G6,Google,soc,10,DATI_INSUFFICIENTI,NON_VERIFICATA,NON_ESEGUITO,Voce di catalogo non equivalente a part number acquistabile e qualificato. Non ricercata individualmente in questa prima passata.,"Package/revisione e ball map, reference design, PMIC e sequenze, BSP/firmware, lista memorie qualificate.",,NO_O_SOLO_FAMIGLIA
ram-18,18 GB LPDDR5X,SK Hynix,ram,10,DATI_INSUFFICIENTI,NON_VERIFICATA,NON_ESEGUITO,"Specifica generica senza MPN. Le cifre del catalogo in MHz richiedono revisione di clock vs data rate; la fonte SK hynix e di famiglia, non prova di ogni SKU.","MPN completo, package PoP/MCP/discreto, densita die, canali, tensioni, timing, bin velocita e qualifica sul SoC.",https://product.skhynix.com/products/dram/lpddr.go?appTypCd=APX02&treeNo=1055,NO_O_SOLO_FAMIGLIA
sto-1tb41,1 TB UFS 4.1,Kioxia,storage,10,DATI_INSUFFICIENTI,NON_VERIFICATA,NON_ESEGUITO,Voce di catalogo non equivalente a part number acquistabile e qualificato. Non ricercata individualmente in questa prima passata.,"MPN, ball map, tensioni, modalita host/device, boot e firmware; UFS/eMMC non deducibili dal solo rettangolo.",,NO_O_SOLO_FAMIGLIA
cam-peri2,Periscopio 6x 200 MP,Sony,cameraRear,9,DATI_INSUFFICIENTI,NON_VERIFICATA,NON_ESEGUITO,Voce di catalogo non equivalente a part number acquistabile e qualificato. Non ricercata individualmente in questa prima passata.,"MPN modulo completo, ottica/OIS, connettore e CSI, rail, clock, driver e tarature ISP.",,NO_O_SOLO_FAMIGLIA
camf-50b,Frontale 50 MP AF OIS,Samsung,cameraFront,5,DATI_INSUFFICIENTI,NON_VERIFICATA,NON_ESEGUITO,Voce di catalogo non equivalente a part number acquistabile e qualificato. Non ricercata individualmente in questa prima passata.,"MPN modulo completo, ottica/AF, connettore e CSI, rail, clock, driver e tarature ISP.",,NO_O_SOLO_FAMIGLIA
spk-dual,Stereo dual driver 1.4 W,Goertek,speaker,7,DATI_INSUFFICIENTI,NON_VERIFICATA,NON_ESEGUITO,Voce di catalogo non equivalente a part number acquistabile e qualificato. Non ricercata individualmente in questa prima passata.,"MPN, impedenza, potenza e risposta, codec/amplificatore e volume acustico.",,NO_O_SOLO_FAMIGLIA
usb-40b,USB4 40 Gbps flex,Amphenol,usb,7,DATI_INSUFFICIENTI,NON_VERIFICATA,NON_ESEGUITO,Voce di catalogo non equivalente a part number acquistabile e qualificato. Non ricercata individualmente in questa prima passata.,"MPN connettore/flex, pinout, rating elettrico, controller PD, mux/retimer, ESD e progetto del power path.",,NO_O_SOLO_FAMIGLIA
hap-xl,LRA X-axis premium,Leaderdrive,haptics,6,DATI_INSUFFICIENTI,NON_VERIFICATA,NON_ESEGUITO,Voce di catalogo non equivalente a part number acquistabile e qualificato. Non ricercata individualmente in questa prima passata.,"MPN, risonanza/tensione, driver e meccanica.",,NO_O_SOLO_FAMIGLIA
cons-screws,Viti Phillips M1.6 (set),SBS Parts,frame,11,UTENSILE_O_CONSUMABILE,NON_APPLICABILE,NON_ESEGUITO,Non componente elettronico saldato; richiede eventuale scheda tecnica/SDS e idoneita di processo.,Disegno CAD e tolleranze con un modello/revisione identificato.,,NO_O_SOLO_FAMIGLIA
cons-glue,Colla B-7000 15 ml,SBS Parts,frame,12,UTENSILE_O_CONSUMABILE,NON_APPLICABILE,NON_ESEGUITO,Non componente elettronico saldato; richiede eventuale scheda tecnica/SDS e idoneita di processo.,Disegno CAD e tolleranze con un modello/revisione identificato.,,NO_O_SOLO_FAMIGLIA
cons-tabs,Linguette adesive batteria,SBS Parts,frame,12,UTENSILE_O_CONSUMABILE,NON_APPLICABILE,NON_ESEGUITO,Non componente elettronico saldato; richiede eventuale scheda tecnica/SDS e idoneita di processo.,Disegno CAD e tolleranze con un modello/revisione identificato.,,NO_O_SOLO_FAMIGLIA
sto-2tb,2 TB UFS 4.1,Samsung,storage,10,DATI_INSUFFICIENTI,NON_VERIFICATA,NON_ESEGUITO,Voce di catalogo non equivalente a part number acquistabile e qualificato. Non ricercata individualmente in questa prima passata.,"MPN, ball map, tensioni, modalita host/device, boot e firmware; UFS/eMMC non deducibili dal solo rettangolo.",,NO_O_SOLO_FAMIGLIA
disp-oled63,"OLED 6.3"" 120Hz Flat",BOE,display,9,DATI_INSUFFICIENTI,NON_VERIFICATA,NON_ESEGUITO,Voce di catalogo non equivalente a part number acquistabile e qualificato. Non ricercata individualmente in questa prima passata.,"MPN pannello+touch, disegno quotato, connettore, pinout, MIPI DSI, rail, sequenze e driver.",,NO_O_SOLO_FAMIGLIA
back-blue,Cover vetro Blu Abisso,LuxGuard,backcover,7,DATI_INSUFFICIENTI,NON_VERIFICATA,NON_ESEGUITO,Voce di catalogo non equivalente a part number acquistabile e qualificato. Non ricercata individualmente in questa prima passata.,"Disegno CAD, aperture camere, materiali RF, tolleranze, fissaggi.",,NO_O_SOLO_FAMIGLIA
back-green,Cover vetro Verde Salvia,LuxGuard,backcover,9,DATI_INSUFFICIENTI,NON_VERIFICATA,NON_ESEGUITO,Voce di catalogo non equivalente a part number acquistabile e qualificato. Non ricercata individualmente in questa prima passata.,"Disegno CAD, aperture camere, materiali RF, tolleranze, fissaggi.",,NO_O_SOLO_FAMIGLIA
frame-ss,Telaio acciaio inox 316L,AeroForge,frame,12,DATI_INSUFFICIENTI,NON_VERIFICATA,NON_ESEGUITO,Voce di catalogo non equivalente a part number acquistabile e qualificato. Non ricercata individualmente in questa prima passata.,Disegno CAD e tolleranze con un modello/revisione identificato.,,NO_O_SOLO_FAMIGLIA
frame-mg,Telaio magnesio,Vertex,frame,12,DATI_INSUFFICIENTI,NON_VERIFICATA,NON_ESEGUITO,Voce di catalogo non equivalente a part number acquistabile e qualificato. Non ricercata individualmente in questa prima passata.,Disegno CAD e tolleranze con un modello/revisione identificato.,,NO_O_SOLO_FAMIGLIA
frame-flat,Telaio flat-edge 2026,Vertex,frame,7,DATI_INSUFFICIENTI,NON_VERIFICATA,NON_ESEGUITO,Voce di catalogo non equivalente a part number acquistabile e qualificato. Non ricercata individualmente in questa prima passata.,Disegno CAD e tolleranze con un modello/revisione identificato.,,NO_O_SOLO_FAMIGLIA
soc-8s,Snapdragon 8s Gen 4,Qualcomm,soc,8,FAMIGLIA_DOCUMENTATA_NON_QUALIFICATA,NON_VERIFICATA,NON_ESEGUITO,"Verificata famiglia e tipo memoria pubblicato; non package/pinout, motherboard o tutti i dati del catalogo.","Package/revisione e ball map, reference design, PMIC e sequenze, BSP/firmware, lista memorie qualificate.",https://www.qualcomm.com/content/dam/qcomm-martech/dm-assets/documents/Product-Brief-Snapdragon-8s-Gen-4.pdf,PARZIALE_FAMIGLIA
soc-8g2,Snapdragon 8 Gen 2,Qualcomm,soc,12,DATI_INSUFFICIENTI,NON_VERIFICATA,NON_ESEGUITO,Voce di catalogo non equivalente a part number acquistabile e qualificato. Non ricercata individualmente in questa prima passata.,"Package/revisione e ball map, reference design, PMIC e sequenze, BSP/firmware, lista memorie qualificate.",,NO_O_SOLO_FAMIGLIA
soc-7g3,Snapdragon 7 Gen 3,Qualcomm,soc,12,DATI_INSUFFICIENTI,NON_VERIFICATA,NON_ESEGUITO,Voce di catalogo non equivalente a part number acquistabile e qualificato. Non ricercata individualmente in questa prima passata.,"Package/revisione e ball map, reference design, PMIC e sequenze, BSP/firmware, lista memorie qualificate.",,NO_O_SOLO_FAMIGLIA
soc-6g1,Snapdragon 6 Gen 1,Qualcomm,soc,12,DATI_INSUFFICIENTI,NON_VERIFICATA,NON_ESEGUITO,Voce di catalogo non equivalente a part number acquistabile e qualificato. Non ricercata individualmente in questa prima passata.,"Package/revisione e ball map, reference design, PMIC e sequenze, BSP/firmware, lista memorie qualificate.",,NO_O_SOLO_FAMIGLIA
soc-d9300,Dimensity 9300+,MediaTek,soc,12,DATI_INSUFFICIENTI,NON_VERIFICATA,NON_ESEGUITO,Voce di catalogo non equivalente a part number acquistabile e qualificato. Non ricercata individualmente in questa prima passata.,"Package/revisione e ball map, reference design, PMIC e sequenze, BSP/firmware, lista memorie qualificate.",,NO_O_SOLO_FAMIGLIA
soc-d8300,Dimensity 8300,MediaTek,soc,12,FAMIGLIA_DOCUMENTATA_NON_QUALIFICATA,NON_VERIFICATA,NON_ESEGUITO,"Verificata famiglia e tipo memoria pubblicato; non package/pinout, motherboard o tutti i dati del catalogo.","Package/revisione e ball map, reference design, PMIC e sequenze, BSP/firmware, lista memorie qualificate.",https://www.mediatek.com/products/tablets/mediatek-dimensity-8300,PARZIALE_FAMIGLIA
soc-d7300,Dimensity 7300,MediaTek,soc,12,DATI_INSUFFICIENTI,NON_VERIFICATA,NON_ESEGUITO,Voce di catalogo non equivalente a part number acquistabile e qualificato. Non ricercata individualmente in questa prima passata.,"Package/revisione e ball map, reference design, PMIC e sequenze, BSP/firmware, lista memorie qualificate.",,NO_O_SOLO_FAMIGLIA
soc-ex2500,Exynos 2500,Samsung,soc,13,FAMIGLIA_DOCUMENTATA_NON_QUALIFICATA,NON_VERIFICATA,NON_ESEGUITO,"Verificata famiglia e tipo memoria pubblicato; non package/pinout, motherboard o tutti i dati del catalogo.","Package/revisione e ball map, reference design, PMIC e sequenze, BSP/firmware, lista memorie qualificate.",https://semiconductor.samsung.com/processor/mobile-processor/exynos-2500/,PARZIALE_FAMIGLIA
soc-tensor4,Tensor G4,Google,soc,13,DATI_INSUFFICIENTI,NON_VERIFICATA,NON_ESEGUITO,Voce di catalogo non equivalente a part number acquistabile e qualificato. Non ricercata individualmente in questa prima passata.,"Package/revisione e ball map, reference design, PMIC e sequenze, BSP/firmware, lista memorie qualificate.",,NO_O_SOLO_FAMIGLIA
soc-kirin,Kirin 9010,HiSilicon,soc,13,DATI_INSUFFICIENTI,NON_VERIFICATA,NON_ESEGUITO,Voce di catalogo non equivalente a part number acquistabile e qualificato. Non ricercata individualmente in questa prima passata.,"Package/revisione e ball map, reference design, PMIC e sequenze, BSP/firmware, lista memorie qualificate.",,NO_O_SOLO_FAMIGLIA
ram-8x,8 GB LPDDR5X,Micron,ram,8,DATI_INSUFFICIENTI,NON_VERIFICATA,NON_ESEGUITO,"Specifica generica senza MPN. Le cifre del catalogo in MHz richiedono revisione di clock vs data rate; la fonte SK hynix e di famiglia, non prova di ogni SKU.","MPN completo, package PoP/MCP/discreto, densita die, canali, tensioni, timing, bin velocita e qualifica sul SoC.",https://product.skhynix.com/products/dram/lpddr.go?appTypCd=APX02&treeNo=1055,NO_O_SOLO_FAMIGLIA
ram-12lp4,12 GB LPDDR4X,Micron,ram,13,DATI_INSUFFICIENTI,NON_VERIFICATA,NON_ESEGUITO,"Specifica generica senza MPN. Le cifre del catalogo in MHz richiedono revisione di clock vs data rate; la fonte SK hynix e di famiglia, non prova di ogni SKU.","MPN completo, package PoP/MCP/discreto, densita die, canali, tensioni, timing, bin velocita e qualifica sul SoC.",https://product.skhynix.com/products/dram/lpddr.go?appTypCd=APX02&treeNo=1055,NO_O_SOLO_FAMIGLIA
ram-32,32 GB LPDDR5X,SK Hynix,ram,10,DATI_INSUFFICIENTI,NON_VERIFICATA,NON_ESEGUITO,"Specifica generica senza MPN. Le cifre del catalogo in MHz richiedono revisione di clock vs data rate; la fonte SK hynix e di famiglia, non prova di ogni SKU.","MPN completo, package PoP/MCP/discreto, densita die, canali, tensioni, timing, bin velocita e qualifica sul SoC.",https://product.skhynix.com/products/dram/lpddr.go?appTypCd=APX02&treeNo=1055,NO_O_SOLO_FAMIGLIA
sto-32,32 GB eMMC 5.1,Micron,storage,13,DATI_INSUFFICIENTI,NON_VERIFICATA,NON_ESEGUITO,Voce di catalogo non equivalente a part number acquistabile e qualificato. Non ricercata individualmente in questa prima passata.,"MPN, ball map, tensioni, modalita host/device, boot e firmware; UFS/eMMC non deducibili dal solo rettangolo.",,NO_O_SOLO_FAMIGLIA
sto-256u4,256 GB UFS 4.0,Kioxia,storage,13,DATI_INSUFFICIENTI,NON_VERIFICATA,NON_ESEGUITO,Voce di catalogo non equivalente a part number acquistabile e qualificato. Non ricercata individualmente in questa prima passata.,"MPN, ball map, tensioni, modalita host/device, boot e firmware; UFS/eMMC non deducibili dal solo rettangolo.",,NO_O_SOLO_FAMIGLIA
sto-512u31,512 GB UFS 3.1,Micron,storage,13,DATI_INSUFFICIENTI,NON_VERIFICATA,NON_ESEGUITO,Voce di catalogo non equivalente a part number acquistabile e qualificato. Non ricercata individualmente in questa prima passata.,"MPN, ball map, tensioni, modalita host/device, boot e firmware; UFS/eMMC non deducibili dal solo rettangolo.",,NO_O_SOLO_FAMIGLIA
board-lite,Mainboard SBS-L3,SBS Parts,motherboard,5,PCB_NON_DOCUMENTATO,NON_VERIFICATA,NON_ESEGUITO,Nessun progetto PCB/fabbricazione individuato nei file del repository. Le ricerche mirate SBS-A7 e SBS-X9/SBS-G8 non hanno restituito documentazione pertinente; non prova di inesistenza.,"MPN/revisione PCB, schema, netlist, stack-up, Gerber/ODB++, BOM, XY pick-and-place, pinout, firmware e collaudi.",,NO_O_SOLO_FAMIGLIA
board-rf,Mainboard SBS-RF mmWave,SBS Parts,motherboard,9,PCB_NON_DOCUMENTATO,NON_VERIFICATA,NON_ESEGUITO,Nessun progetto PCB/fabbricazione individuato nei file del repository. Le ricerche mirate SBS-A7 e SBS-X9/SBS-G8 non hanno restituito documentazione pertinente; non prova di inesistenza.,"MPN/revisione PCB, schema, netlist, stack-up, Gerber/ODB++, BOM, XY pick-and-place, pinout, firmware e collaudi.",,NO_O_SOLO_FAMIGLIA
board-game,Mainboard SBS-G8 Game,SBS Parts,motherboard,7,PCB_NON_DOCUMENTATO,NON_VERIFICATA,NON_ESEGUITO,Nessun progetto PCB/fabbricazione individuato nei file del repository. Le ricerche mirate SBS-A7 e SBS-X9/SBS-G8 non hanno restituito documentazione pertinente; non prova di inesistenza.,"MPN/revisione PCB, schema, netlist, stack-up, Gerber/ODB++, BOM, XY pick-and-place, pinout, firmware e collaudi.",,NO_O_SOLO_FAMIGLIA
th-cu,Heatpipe rame 0.4 mm,CoolCo,thermal,10,DATI_INSUFFICIENTI,NON_VERIFICATA,NON_ESEGUITO,Voce di catalogo non equivalente a part number acquistabile e qualificato. Non ricercata individualmente in questa prima passata.,"Disegno/spessore, compressione, conducibilita, contatti e verifica termica.",,NO_O_SOLO_FAMIGLIA
th-gr2,Doppia grafite,CoolCo,thermal,10,DATI_INSUFFICIENTI,NON_VERIFICATA,NON_ESEGUITO,Voce di catalogo non equivalente a part number acquistabile e qualificato. Non ricercata individualmente in questa prima passata.,"Disegno/spessore, compressione, conducibilita, contatti e verifica termica.",,NO_O_SOLO_FAMIGLIA
th-coil,VC + bobina Qi2,CoolCo,thermal,8,DATI_INSUFFICIENTI,NON_VERIFICATA,NON_ESEGUITO,Voce di catalogo non equivalente a part number acquistabile e qualificato. Non ricercata individualmente in questa prima passata.,"Disegno/spessore, compressione, conducibilita, contatti e verifica termica.",,NO_O_SOLO_FAMIGLIA
bat-3500,Cella 3500 mAh,BYD,battery,13,DATI_INSUFFICIENTI,NON_VERIFICATA,NON_ESEGUITO,Voce di catalogo non equivalente a part number acquistabile e qualificato. Non ricercata individualmente in questa prima passata.,"MPN e quote, topologia celle, protezione/BMS, NTC, Vmax di carica, correnti ammesse e caricatore qualificato.",,NO_O_SOLO_FAMIGLIA
bat-4000,Cella 4000 mAh,ATL,battery,13,DATI_INSUFFICIENTI,NON_VERIFICATA,NON_ESEGUITO,Voce di catalogo non equivalente a part number acquistabile e qualificato. Non ricercata individualmente in questa prima passata.,"MPN e quote, topologia celle, protezione/BMS, NTC, Vmax di carica, correnti ammesse e caricatore qualificato.",,NO_O_SOLO_FAMIGLIA
bat-5500,Cella 5500 mAh Si/C,ATL,battery,13,DATI_INSUFFICIENTI,NON_VERIFICATA,NON_ESEGUITO,Voce di catalogo non equivalente a part number acquistabile e qualificato. Non ricercata individualmente in questa prima passata.,"MPN e quote, topologia celle, protezione/BMS, NTC, Vmax di carica, correnti ammesse e caricatore qualificato.",,NO_O_SOLO_FAMIGLIA
bat-8000,Cella 8000 mAh stacked,BYD,battery,14,DATI_INSUFFICIENTI,NON_VERIFICATA,NON_ESEGUITO,Voce di catalogo non equivalente a part number acquistabile e qualificato. Non ricercata individualmente in questa prima passata.,"MPN e quote, topologia celle, protezione/BMS, NTC, Vmax di carica, correnti ammesse e caricatore qualificato.",,NO_O_SOLO_FAMIGLIA
bat-stacked,Cella stacked 6800 mAh Si/C,ATL,battery,14,DATI_INSUFFICIENTI,NON_VERIFICATA,NON_ESEGUITO,Voce di catalogo non equivalente a part number acquistabile e qualificato. Non ricercata individualmente in questa prima passata.,"MPN e quote, topologia celle, protezione/BMS, NTC, Vmax di carica, correnti ammesse e caricatore qualificato.",,NO_O_SOLO_FAMIGLIA
disp-lcd67,"LCD IPS 6.7"" 90Hz",BOE,display,14,DATI_INSUFFICIENTI,NON_VERIFICATA,NON_ESEGUITO,Voce di catalogo non equivalente a part number acquistabile e qualificato. Non ricercata individualmente in questa prima passata.,"MPN pannello+touch, disegno quotato, connettore, pinout, MIPI DSI, rail, sequenze e driver.",,NO_O_SOLO_FAMIGLIA
disp-oled61,"OLED 6.1"" 120Hz",LG Display,display,14,DATI_INSUFFICIENTI,NON_VERIFICATA,NON_ESEGUITO,Voce di catalogo non equivalente a part number acquistabile e qualificato. Non ricercata individualmente in questa prima passata.,"MPN pannello+touch, disegno quotato, connettore, pinout, MIPI DSI, rail, sequenze e driver.",,NO_O_SOLO_FAMIGLIA
disp-fold,"OLED pieghevole 7.6""",Samsung Display,display,14,ESCLUSO_DALL_UTENTE,NON_VERIFICATA,NON_ESEGUITO,Escluso dalla selezione attiva non-fold.,"MPN pannello+touch, disegno quotato, connettore, pinout, MIPI DSI, rail, sequenze e driver.",,NO_O_SOLO_FAMIGLIA
disp-eco,"TFT 6.5"" 60Hz",Tianma,display,14,DATI_INSUFFICIENTI,NON_VERIFICATA,NON_ESEGUITO,Voce di catalogo non equivalente a part number acquistabile e qualificato. Non ricercata individualmente in questa prima passata.,"MPN pannello+touch, disegno quotato, connettore, pinout, MIPI DSI, rail, sequenze e driver.",,NO_O_SOLO_FAMIGLIA
glass-gg3,Gorilla Glass 3,Corning,glass,14,DATI_INSUFFICIENTI,NON_VERIFICATA,NON_ESEGUITO,Voce di catalogo non equivalente a part number acquistabile e qualificato. Non ricercata individualmente in questa prima passata.,"MPN vetro sagomato, quote, foro, adesivo, tolleranze e pannello abbinato.",,NO_O_SOLO_FAMIGLIA
glass-gg7,Gorilla Glass 7i,Corning,glass,14,DATI_INSUFFICIENTI,NON_VERIFICATA,NON_ESEGUITO,Voce di catalogo non equivalente a part number acquistabile e qualificato. Non ricercata individualmente in questa prima passata.,"MPN vetro sagomato, quote, foro, adesivo, tolleranze e pannello abbinato.",,NO_O_SOLO_FAMIGLIA
glass-armor,Gorilla Armor 2,Corning,glass,7,DATI_INSUFFICIENTI,NON_VERIFICATA,NON_ESEGUITO,Voce di catalogo non equivalente a part number acquistabile e qualificato. Non ricercata individualmente in questa prima passata.,"MPN vetro sagomato, quote, foro, adesivo, tolleranze e pannello abbinato.",,NO_O_SOLO_FAMIGLIA
glass-utg,Ultra Thin Glass,Schott,glass,14,ESCLUSO_DALL_UTENTE,NON_VERIFICATA,NON_ESEGUITO,Escluso dalla selezione attiva non-fold.,"MPN vetro sagomato, quote, foro, adesivo, tolleranze e pannello abbinato.",,NO_O_SOLO_FAMIGLIA
back-red,Cover vetro Rosso lava,LuxGuard,backcover,14,DATI_INSUFFICIENTI,NON_VERIFICATA,NON_ESEGUITO,Voce di catalogo non equivalente a part number acquistabile e qualificato. Non ricercata individualmente in questa prima passata.,"Disegno CAD, aperture camere, materiali RF, tolleranze, fissaggi.",,NO_O_SOLO_FAMIGLIA
back-black,Cover vetro Nero piano,LuxGuard,backcover,15,DATI_INSUFFICIENTI,NON_VERIFICATA,NON_ESEGUITO,Voce di catalogo non equivalente a part number acquistabile e qualificato. Non ricercata individualmente in questa prima passata.,"Disegno CAD, aperture camere, materiali RF, tolleranze, fissaggi.",,NO_O_SOLO_FAMIGLIA
back-white,Cover vetro Bianco perla,LuxGuard,backcover,15,DATI_INSUFFICIENTI,NON_VERIFICATA,NON_ESEGUITO,Voce di catalogo non equivalente a part number acquistabile e qualificato. Non ricercata individualmente in questa prima passata.,"Disegno CAD, aperture camere, materiali RF, tolleranze, fissaggi.",,NO_O_SOLO_FAMIGLIA
back-carbon,Cover fibra di carbonio,AeroForge,backcover,15,DATI_INSUFFICIENTI,NON_VERIFICATA,NON_ESEGUITO,Voce di catalogo non equivalente a part number acquistabile e qualificato. Non ricercata individualmente in questa prima passata.,"Disegno CAD, aperture camere, materiali RF, tolleranze, fissaggi.",,NO_O_SOLO_FAMIGLIA
back-wood,Cover legno noce,EcoLine,backcover,15,DATI_INSUFFICIENTI,NON_VERIFICATA,NON_ESEGUITO,Voce di catalogo non equivalente a part number acquistabile e qualificato. Non ricercata individualmente in questa prima passata.,"Disegno CAD, aperture camere, materiali RF, tolleranze, fissaggi.",,NO_O_SOLO_FAMIGLIA
cam-uw,Dual 50+50 MP UW,Sony,cameraRear,15,DATI_INSUFFICIENTI,NON_VERIFICATA,NON_ESEGUITO,Voce di catalogo non equivalente a part number acquistabile e qualificato. Non ricercata individualmente in questa prima passata.,"MPN modulo completo, ottica/OIS, connettore e CSI, rail, clock, driver e tarature ISP.",,NO_O_SOLO_FAMIGLIA
cam-peri10,Periscopio 10x 64 MP,Sony,cameraRear,15,DATI_INSUFFICIENTI,NON_VERIFICATA,NON_ESEGUITO,Voce di catalogo non equivalente a part number acquistabile e qualificato. Non ricercata individualmente in questa prima passata.,"MPN modulo completo, ottica/OIS, connettore e CSI, rail, clock, driver e tarature ISP.",,NO_O_SOLO_FAMIGLIA
cam-1inch,"Sensore 1"" 50 MP",Sony,cameraRear,7,DATI_INSUFFICIENTI,NON_VERIFICATA,NON_ESEGUITO,Voce di catalogo non equivalente a part number acquistabile e qualificato. Non ricercata individualmente in questa prima passata.,"MPN modulo completo, ottica/OIS, connettore e CSI, rail, clock, driver e tarature ISP.",,NO_O_SOLO_FAMIGLIA
camf-12,Frontale 12 MP,Sony,cameraFront,9,DATI_INSUFFICIENTI,NON_VERIFICATA,NON_ESEGUITO,Voce di catalogo non equivalente a part number acquistabile e qualificato. Non ricercata individualmente in questa prima passata.,"MPN modulo completo, ottica/AF, connettore e CSI, rail, clock, driver e tarature ISP.",,NO_O_SOLO_FAMIGLIA
camf-50,Frontale 50 MP AF,Samsung,cameraFront,7,DATI_INSUFFICIENTI,NON_VERIFICATA,NON_ESEGUITO,Voce di catalogo non equivalente a part number acquistabile e qualificato. Non ricercata individualmente in questa prima passata.,"MPN modulo completo, ottica/AF, connettore e CSI, rail, clock, driver e tarature ISP.",,NO_O_SOLO_FAMIGLIA
spk-stereo-bot,Stereo bottom dual,Goertek,speaker,9,DATI_INSUFFICIENTI,NON_VERIFICATA,NON_ESEGUITO,Voce di catalogo non equivalente a part number acquistabile e qualificato. Non ricercata individualmente in questa prima passata.,"MPN, impedenza, potenza e risposta, codec/amplificatore e volume acustico.",,NO_O_SOLO_FAMIGLIA
spk-hires,Speaker Hi-Res 192 kHz,AAC Technologies,speaker,15,DATI_INSUFFICIENTI,NON_VERIFICATA,NON_ESEGUITO,Voce di catalogo non equivalente a part number acquistabile e qualificato. Non ricercata individualmente in questa prima passata.,"MPN, impedenza, potenza e risposta, codec/amplificatore e volume acustico.",,NO_O_SOLO_FAMIGLIA
usb-pd,USB-C PD 3.1 140W,Amphenol,usb,15,DATI_INSUFFICIENTI,NON_VERIFICATA,NON_ESEGUITO,Voce di catalogo non equivalente a part number acquistabile e qualificato. Non ricercata individualmente in questa prima passata.,"MPN connettore/flex, pinout, rating elettrico, controller PD, mux/retimer, ESD e progetto del power path.",,NO_O_SOLO_FAMIGLIA
usb-dp,USB-C DP 2.1 8K,Amphenol,usb,9,DATI_INSUFFICIENTI,NON_VERIFICATA,NON_ESEGUITO,Voce di catalogo non equivalente a part number acquistabile e qualificato. Non ricercata individualmente in questa prima passata.,"MPN connettore/flex, pinout, rating elettrico, controller PD, mux/retimer, ESD e progetto del power path.",,NO_O_SOLO_FAMIGLIA
ant-wifi6e,Flex Wi-Fi 6E / 5G sub-6,Broadcom,antenna,6,DATI_INSUFFICIENTI,NON_VERIFICATA,NON_ESEGUITO,Voce di catalogo non equivalente a part number acquistabile e qualificato. Non ricercata individualmente in questa prima passata.,"MPN antenna e radio, matching RF, bande, geometria massa, connettori e risultati RF.",,NO_O_SOLO_FAMIGLIA
ant-uwb,Flex UWB + NFC,NXP,antenna,8,DATI_INSUFFICIENTI,NON_VERIFICATA,NON_ESEGUITO,Voce di catalogo non equivalente a part number acquistabile e qualificato. Non ricercata individualmente in questa prima passata.,"MPN antenna e radio, matching RF, bande, geometria massa, connettori e risultati RF.",,NO_O_SOLO_FAMIGLIA
hap-z,Motore lineare asse Z,Nidec,haptics,8,DATI_INSUFFICIENTI,NON_VERIFICATA,NON_ESEGUITO,Voce di catalogo non equivalente a part number acquistabile e qualificato. Non ricercata individualmente in questa prima passata.,"MPN, risonanza/tensione, driver e meccanica.",,NO_O_SOLO_FAMIGLIA
hap-dual,Doppio LRA stereo,Leaderdrive,haptics,10,DATI_INSUFFICIENTI,NON_VERIFICATA,NON_ESEGUITO,Voce di catalogo non equivalente a part number acquistabile e qualificato. Non ricercata individualmente in questa prima passata.,"MPN, risonanza/tensione, driver e meccanica.",,NO_O_SOLO_FAMIGLIA
mic-4,Array 4 MEMS beamforming,Knowles,mic,6,DATI_INSUFFICIENTI,NON_VERIFICATA,NON_ESEGUITO,Voce di catalogo non equivalente a part number acquistabile e qualificato. Non ricercata individualmente in questa prima passata.,"MPN, interfaccia, bias/rail, clock, disposizione e DSP.",,NO_O_SOLO_FAMIGLIA
sim-dual,Carrello dual nano-SIM,Luxshare,sim,6,DATI_INSUFFICIENTI,NON_VERIFICATA,NON_ESEGUITO,Voce di catalogo non equivalente a part number acquistabile e qualificato. Non ricercata individualmente in questa prima passata.,MPN e quote del socket/carrello; pinout e controller.,,NO_O_SOLO_FAMIGLIA
sim-hybrid,Carrello ibrido SIM/SD,Luxshare,sim,8,DATI_INSUFFICIENTI,NON_VERIFICATA,NON_ESEGUITO,Voce di catalogo non equivalente a part number acquistabile e qualificato. Non ricercata individualmente in questa prima passata.,MPN e quote del socket/carrello; pinout e controller.,,NO_O_SOLO_FAMIGLIA
cons-thermalp,Pad termico 1 mm (set),SBS Parts,frame,15,UTENSILE_O_CONSUMABILE,NON_APPLICABILE,NON_ESEGUITO,Non componente elettronico saldato; richiede eventuale scheda tecnica/SDS e idoneita di processo.,Disegno CAD e tolleranze con un modello/revisione identificato.,,NO_O_SOLO_FAMIGLIA
cons-kapton,Nastro Kapton 10 mm,SBS Parts,frame,15,UTENSILE_O_CONSUMABILE,NON_APPLICABILE,NON_ESEGUITO,Non componente elettronico saldato; richiede eventuale scheda tecnica/SDS e idoneita di processo.,Disegno CAD e tolleranze con un modello/revisione identificato.,,NO_O_SOLO_FAMIGLIA
cons-ipa,IPA 99% 100 ml,SBS Parts,frame,16,UTENSILE_O_CONSUMABILE,NON_APPLICABILE,NON_ESEGUITO,Non componente elettronico saldato; richiede eventuale scheda tecnica/SDS e idoneita di processo.,Disegno CAD e tolleranze con un modello/revisione identificato.,,NO_O_SOLO_FAMIGLIA
cons-tweezers,Pinzette ESD,SBS Parts,frame,16,UTENSILE_O_CONSUMABILE,NON_APPLICABILE,NON_ESEGUITO,Non componente elettronico saldato; richiede eventuale scheda tecnica/SDS e idoneita di processo.,Disegno CAD e tolleranze con un modello/revisione identificato.,,NO_O_SOLO_FAMIGLIA
