file,ram,storage,sha256
pair-01-02-v01-V19.png,1,1,fb7b9dd343fedbd76340dca90bfec41ba541cbcba376ca1a2021617088271556
pair-03-04-v01-V19.png,1,1,a64f31d12418db4eab90e9f6f19b20682e219f2f0a0604d0924d8f5313e402b7
pair-03-04-v02-V19.png,1,1,9004c2bf7799ba97199076a7c1c1e637ea65bba0062c17e635986de918c57f5c
pair-05-06-v01-V19.png,1,1,ad4e67347e83e2b62e94ba443d68c2e667d732bdb2dec963082c965d70bc70c5
pair-05-06-v02-V19.png,1,1,cf453031fe0e924151bb3432a5dd5c091306f1e25b4da261e551ff2a04ded369
pair-07-08-v01-V19.png,1,1,f9c196a61d348b01c8e39d4a3d98d47abad99b195911a998448946e8dbba6ffd
pair-07-08-v02-V19.png,1,1,e73eb118d3747b7caa8ae34bf6ea95be4c65879fb0b5ff61f373d6df194a56cf
pair-09-10-v01-V19.png,1,1,f1879e077ead61390060387104c62d70ff3734fbe85900c2149cbf2cd72d4297
pair-09-10-v02-V19.png,1,1,66fe6fee874ec37d635ab2ce901f6085deb8a4eb7acdd850339e6bfdca1f3f6d
pair-09-10-v03-V19.png,1,1,9d32bf11d96f8c207ff86d58406d39e8529d3092d26f18c79fb15ec73fdc94b0
pair-11-12-v01-V19.png,1,1,19e8c698cd8e7d4797e5b2c9d19c194df069ccf3f51326af9114321f093749c3
pair-11-12-v02-V19.png,1,1,f4b2e0406748d8b7670e9f056541205edb8ca215cdbd7da3bc0e57e1ddba4762
pair-11-12-v03-V19.png,1,1,e004e93b2f903379c37a3ca31e198d57b2a424d5f441c628ab843402e7f7095c
pair-11-12-v04-V19.png,1,1,1acee01f5473693214f8712369e45866490bab83463f1827ab73502f26b2877c
pair-11-12-v05-V19.png,1,1,c43b9f87b906b219972bdaab9044a3669aeafe195f8f41fc1fcc9db4c697a296
pair-11-12-v06-V19.png,1,1,2ae085266d7e2be51f7f56fa871b80fc8103811a41af46527bba15c98119baeb
pair-11-12-v07-V19.png,1,1,4bd4e493c060c8e54b0628ef227acab53d839f654c4b18d6d2a87fa7f22ae626
pair-11-12-v08-V19.png,1,1,059720d3a197bc2cb8fd49507586a1960ceadd64b4c8af5aac7027a19f8d34ee
pair-11-12-v09-V19.png,1,1,6e98c6feb1a1a43082378865bc58ac6aa0cf05bc9c34825a49569fd24889c3c2
pair-11-12-v10-V19.png,1,1,f69c96e4020b1a75385652613b943df8e62ad2423a05667b9e8debca377191da
pair-13-14-v01-V19.png,1,1,0fcbcd1b5ba5dec70cb6a7a7c3f4ed19b38c4776524159e2aa5ab6574b05c5d4
pair-13-14-v02-V19.png,1,1,4839d51e4b2950a6b668732d6666e7de3c2fe517219783bd47953b18d2732b21
pair-13-14-v03-V19.png,1,1,6887a087e62f07272761d59814bdd12479da1f9a25f61c4bac507416e499a2be
pair-13-14-v04-V19.png,1,1,5664f44c956be09ed5312325c7b249d888994d728b2924b2aead478c92c249b7
pair-13-14-v05-V19.png,1,1,78a56dc3d99f0af08a4a5103f97971c9c04d29e8eb4378aa093e22f5f98f3256
pair-15-16-v01-V19.png,1,1,71da966bfa03d5a227859c840a399931f0f68ee03a64b15b78dee39af951202d
pair-15-16-v02-V19.png,1,1,d7d68690790c935982fcc0bd147b8dae108aef7caa059d0f129e32e8c524ab5d
pair-15-16-v03-V19.png,1,1,bd4c69c5315318cbef8506fe61bb3e04fa536ab74f0f58f164ee8215e8c63133
pair-15-16-v04-V19.png,1,1,4cd422452bce089c2a5f0192f1147e86390e2037c01adac9e30d64d92cab5464
