file,sku,set,slot,sha256,sha256Match,mode,width,height,crop,alphaMin,alphaMax,hasTransparency,mountAssigned,reviewBasis,visualStatus,visualNotes
generated/set07-back-blue.png,back-blue,7,backcover,4c681a35f3d4aad689617b5dc03bd531cb4111fef1c9b834b0d6bb25abb4846a,True,RGBA,768,1376,"[84, 75, 685, 1302]",0,255,True,True,"Downloaded-source contact sheet, registered crop; selected full-resolution details",REVIEWED_NO_ADDITIONAL_OBVIOUS_ISSUE_AT_SHEET_SCALE,"Revisione visiva della tavola del SET; non certifica microtesto, misure, compatibilità o fabbricazione."
generated/set07-bat-6000.png,bat-6000,7,battery,fbf7c95f18d467561ca5ab0c3be7c79b489774888f62c5a88c55db8699f4c08f,True,RGBA,1408,768,"[444, 52, 964, 718]",0,255,True,True,"Downloaded-source contact sheet, registered crop; selected full-resolution details",REVIEWED_NO_ADDITIONAL_OBVIOUS_ISSUE_AT_SHEET_SCALE,"Dettaglio riesaminato: 6000 mAh / 23.52 Wh nel microtesto, coerenti con 3.92 V e 23.5 Wh arrotondati. Vecchia segnalazione ritirata."
generated/set07-board-game.png,board-game,7,motherboard,f0981b47fb50b82e6255ba8954f44eeca0a27aa531565ccaa000a0225ac36593,True,RGBA,1408,768,"[68, 66, 1340, 705]",0,255,True,True,"Downloaded-source contact sheet, registered crop; selected full-resolution details",REVIEWED_NO_ADDITIONAL_OBVIOUS_ISSUE_AT_SHEET_SCALE,"Revisione visiva della tavola del SET; non certifica microtesto, misure, compatibilità o fabbricazione."
generated/set07-cam-1inch.png,cam-1inch,7,cameraRear,8305e385713a1ebd2efd52b7c2a9b6113cadc0cd68082979160c64b869a22af9,True,RGBA,1408,768,"[413, 30, 995, 739]",0,255,True,True,"Downloaded-source contact sheet, registered crop; selected full-resolution details",REVIEWED_NO_ADDITIONAL_OBVIOUS_ISSUE_AT_SHEET_SCALE,"Revisione visiva della tavola del SET; non certifica microtesto, misure, compatibilità o fabbricazione."
generated/set07-camf-50.png,camf-50,7,cameraFront,687839eee6b48e7c9754fba0d0091407c5b5a12defaaf22cb8a4819cd6743817,True,RGBA,1408,768,"[539, 118, 868, 686]",0,255,True,True,"Downloaded-source contact sheet, registered crop; selected full-resolution details",REVIEWED_NO_ADDITIONAL_OBVIOUS_ISSUE_AT_SHEET_SCALE,"Revisione visiva della tavola del SET; non certifica microtesto, misure, compatibilità o fabbricazione."
generated/set07-disp-2k.png,disp-2k,7,display,804a19345b8286fb09173dcc253bbcd52419fea4c520b1288f37dffd468ff8dc,True,RGBA,704,1520,"[57, 110, 647, 1412]",0,255,True,True,"Downloaded-source contact sheet, registered crop; selected full-resolution details",REVIEWED_NO_ADDITIONAL_OBVIOUS_ISSUE_AT_SHEET_SCALE,"Revisione visiva della tavola del SET; non certifica microtesto, misure, compatibilità o fabbricazione."
generated/set07-frame-flat.png,frame-flat,7,frame,76225742b656ff669cc286faa2e82cce0198158e0dae55b15afd1527ed8c6f35,True,RGBA,768,1376,"[89, 91, 680, 1288]",0,255,True,True,"Downloaded-source contact sheet, registered crop; selected full-resolution details",REVIEWED_NO_ADDITIONAL_OBVIOUS_ISSUE_AT_SHEET_SCALE,"Revisione visiva della tavola del SET; non certifica microtesto, misure, compatibilità o fabbricazione."
generated/set07-glass-armor.png,glass-armor,7,glass,1cbb295452fd91b25a9556960294c2bba0b6488f616cc6293f508e4854b54ff0,True,RGBA,704,1520,"[34, 54, 670, 1469]",0,255,True,True,"Downloaded-source contact sheet, registered crop; selected full-resolution details",REVIEWED_NO_ADDITIONAL_OBVIOUS_ISSUE_AT_SHEET_SCALE,"Revisione visiva della tavola del SET; non certifica microtesto, misure, compatibilità o fabbricazione."
generated/set07-spk-dual.png,spk-dual,7,speaker,988d94868f6ce80809441766b7be173c2857700a6ecc0effb6940c675375a329,True,RGBA,1408,768,"[203, 154, 1206, 606]",0,255,True,True,"Downloaded-source contact sheet, registered crop; selected full-resolution details",REVIEWED_NO_ADDITIONAL_OBVIOUS_ISSUE_AT_SHEET_SCALE,"Revisione visiva della tavola del SET; non certifica microtesto, misure, compatibilità o fabbricazione."
generated/set07-usb-40b.png,usb-40b,7,usb,c81070494b745917ef4d76e4ebcd17265753b125a5d5addaf7f4124d42c9e1be,True,RGBA,1408,768,"[559, 63, 849, 705]",0,255,True,True,"Downloaded-source contact sheet, registered crop; selected full-resolution details",REVIEWED_NO_ADDITIONAL_OBVIOUS_ISSUE_AT_SHEET_SCALE,"Revisione visiva della tavola del SET; non certifica microtesto, misure, compatibilità o fabbricazione."
originals/set01-back-glossy.png,back-glossy,1,backcover,1bd5b173d1211c1e268d5f17b91514ba1d60c3770cd47ad5fefa1f270d1530e5,True,RGBA,1408,768,"[548, 64, 858, 705]",0,255,True,True,"Downloaded-source contact sheet, registered crop; selected full-resolution details",REVIEWED_NO_ADDITIONAL_OBVIOUS_ISSUE_AT_SHEET_SCALE,"Revisione visiva della tavola del SET; non certifica microtesto, misure, compatibilità o fabbricazione."
originals/set01-battery-pouch.png,bat-3000,1,battery,289d2c5c9f1280f47f51d5921cdf00bdd68a2d5cb5a63d4c10d0ca4dce592d8a,True,RGBA,1408,768,"[494, 95, 914, 646]",0,255,True,True,"Downloaded-source contact sheet, registered crop; selected full-resolution details",REVIEWED_NO_ADDITIONAL_OBVIOUS_ISSUE_AT_SHEET_SCALE,"Revisione visiva della tavola del SET; non certifica microtesto, misure, compatibilità o fabbricazione."
originals/set01-cam-dual.png,cam-dual,1,cameraRear,28335a36cb39630590c3f7b1e48b5794013f3601a3fa299b2e9f776c667d3450,True,RGBA,1408,768,"[574, 79, 833, 690]",0,255,True,True,"Downloaded-source contact sheet, registered crop; selected full-resolution details",REVIEWED_NO_ADDITIONAL_OBVIOUS_ISSUE_AT_SHEET_SCALE,"Revisione visiva della tavola del SET; non certifica microtesto, misure, compatibilità o fabbricazione."
originals/set01-cam-front.png,camf-8,1,cameraFront,9771046106ad83a266cc964a01ae8595cbe2603f95bacb9eb3696afd51b8e038,True,RGBA,1408,768,"[615, 200, 792, 568]",0,255,True,True,"Downloaded-source contact sheet, registered crop; selected full-resolution details",REVIEWED_NO_ADDITIONAL_OBVIOUS_ISSUE_AT_SHEET_SCALE,"Revisione visiva della tavola del SET; non certifica microtesto, misure, compatibilità o fabbricazione."
originals/set01-disp-lcd.png,disp-lcd,1,display,364e455dadfe106c9ee7c492fc5a0b951cf011bdb1436c0db8040f82930f91d8,True,RGBA,1408,768,"[559, 68, 848, 704]",0,255,True,True,"Downloaded-source contact sheet, registered crop; selected full-resolution details",REVIEWED_NO_ADDITIONAL_OBVIOUS_ISSUE_AT_SHEET_SCALE,"Revisione visiva della tavola del SET; non certifica microtesto, misure, compatibilità o fabbricazione."
originals/set01-frame-alu.png,frame-alu,1,frame,57cc0f48e7187671fd1c19be88c2412520a4eb2f85ceaff7d0cedfc28d4e693b,True,RGBA,848,1264,"[175, 122, 673, 1149]",0,255,True,True,"Downloaded-source contact sheet, registered crop; selected full-resolution details",REVIEWED_NO_ADDITIONAL_OBVIOUS_ISSUE_AT_SHEET_SCALE,"Revisione visiva della tavola del SET; non certifica microtesto, misure, compatibilità o fabbricazione."
originals/set01-glass-gg5.png,glass-gg5,1,glass,d06810aea3a71fcf74166a86b517d1258924f09a548d26aec6a945a91102f1b7,True,RGBA,1408,768,"[552, 67, 855, 702]",0,255,True,True,"Downloaded-source contact sheet, registered crop; selected full-resolution details",REVIEWED_NO_ADDITIONAL_OBVIOUS_ISSUE_AT_SHEET_SCALE,"Revisione visiva della tavola del SET; non certifica microtesto, misure, compatibilità o fabbricazione."
originals/set01-pcb-bare.png,board-std,1,motherboard,429c2b4a12e8a745cbd733dac7cc1092c74e7c4a9a1856d1378d52ddaf786006,True,RGBA,704,1504,"[98, 186, 606, 846]",0,255,True,True,"Downloaded-source contact sheet, registered crop; selected full-resolution details",REVIEWED_NO_ADDITIONAL_OBVIOUS_ISSUE_AT_SHEET_SCALE,"Revisione visiva della tavola del SET; non certifica microtesto, misure, compatibilità o fabbricazione."
originals/set01-speaker.png,spk-mono,1,speaker,8d2b14cadedfe82e845aa645f1dc460fa361301804132b5ea8ec5e880989486e,True,RGBA,1408,768,"[581, 76, 827, 526]",0,255,True,True,"Downloaded-source contact sheet, registered crop; selected full-resolution details",REVIEWED_NO_ADDITIONAL_OBVIOUS_ISSUE_AT_SHEET_SCALE,"Revisione visiva della tavola del SET; non certifica microtesto, misure, compatibilità o fabbricazione."
originals/set01-usb-flex.png,usb-20,1,usb,3ebe1d0046346e1019685790778a735e7ede7d2c5657f08e3ddfdb8cb65492ab,True,RGBA,1408,768,"[626, 66, 782, 702]",0,255,True,True,"Downloaded-source contact sheet, registered crop; selected full-resolution details",REVIEWED_NO_ADDITIONAL_OBVIOUS_ISSUE_AT_SHEET_SCALE,"Revisione visiva della tavola del SET; non certifica microtesto, misure, compatibilità o fabbricazione."
originals/set02-ant-wifi5.png,ant-wifi5,2,antenna,2d3f66d1679f800ed2194db065bc7fd06633410f67ca86ef3b8d5d827867d7fd,True,RGBA,1408,768,"[636, 56, 771, 715]",0,255,True,True,"Downloaded-source contact sheet, registered crop; selected full-resolution details",REVIEWED_NO_ADDITIONAL_OBVIOUS_ISSUE_AT_SHEET_SCALE,"Revisione visiva della tavola del SET; non certifica microtesto, misure, compatibilità o fabbricazione."
originals/set02-antenna-flex.png,ant-wifi5,2,antenna,e01354a50709099372cdb4278d90fdd6c11565f55941af2044024f5052f36f51,True,RGBA,1408,768,"[111, 305, 1299, 467]",0,255,True,True,"Downloaded-source contact sheet, registered crop; selected full-resolution details",REVIEWED_NO_ADDITIONAL_OBVIOUS_ISSUE_AT_SHEET_SCALE,"Revisione visiva della tavola del SET; non certifica microtesto, misure, compatibilità o fabbricazione."
originals/set02-hap-erm.png,hap-erm,2,haptics,421c586a0cde187211d6b5381be43e6b9515ca46c17c9a9fca546595f5b0a353,True,RGBA,1408,768,"[584, 269, 1211, 494]",0,255,True,True,"Downloaded-source contact sheet, registered crop; selected full-resolution details",REVIEWED_NO_ADDITIONAL_OBVIOUS_ISSUE_AT_SHEET_SCALE,"Revisione visiva della tavola del SET; non certifica microtesto, misure, compatibilità o fabbricazione."
originals/set02-mic.png,mic-1,2,mic,4db2506b93824c50b7240e3aa5e421190c9af74cf939e191fe6581328cd8244c,True,RGBA,1408,768,"[564, 243, 844, 525]",0,255,True,True,"Downloaded-source contact sheet, registered crop; selected full-resolution details",REVIEWED_NO_ADDITIONAL_OBVIOUS_ISSUE_AT_SHEET_SCALE,"Revisione visiva della tavola del SET; non certifica microtesto, misure, compatibilità o fabbricazione."
originals/set02-ram-4.png,ram-4,2,ram,a82241ef07c31087430646458e55eea779338cbf729036853f74d3f83795e8e6,True,RGBA,1408,768,"[366, 55, 1042, 714]",0,255,True,True,"Downloaded-source contact sheet, registered crop; selected full-resolution details",REVIEWED_NO_ADDITIONAL_OBVIOUS_ISSUE_AT_SHEET_SCALE,"Revisione visiva della tavola del SET; non certifica microtesto, misure, compatibilità o fabbricazione."
originals/set02-sim-tray.png,sim-nano,2,sim,eb795b91057610fea938676018e159250f0b3bc0c0432fe3e170f0b0632141b6,True,RGBA,768,1376,"[132, 478, 632, 894]",0,255,True,True,"Downloaded-source contact sheet, registered crop; selected full-resolution details",REVIEWED_NO_ADDITIONAL_OBVIOUS_ISSUE_AT_SHEET_SCALE,"Revisione visiva della tavola del SET; non certifica microtesto, misure, compatibilità o fabbricazione."
originals/set02-soc-snap.png,soc-x90,2,soc,eb2003b139e8b83ba636a3c90f56869280a86c2ed6505fd328b4e63a94f3174e,True,RGBA,1024,1024,"[103, 104, 920, 921]",0,255,True,True,"Downloaded-source contact sheet, registered crop; selected full-resolution details",REVIEWED_NO_ADDITIONAL_OBVIOUS_ISSUE_AT_SHEET_SCALE,"Revisione visiva della tavola del SET; non certifica microtesto, misure, compatibilità o fabbricazione."
originals/set02-sto-64.png,sto-64,2,storage,31785776e4cd948937c2a10966e66aa091ec859b16b21ff625f6790964ea9926,True,RGBA,1408,768,"[475, 139, 932, 628]",0,255,True,True,"Downloaded-source contact sheet, registered crop; selected full-resolution details",REVIEWED_NO_ADDITIONAL_OBVIOUS_ISSUE_AT_SHEET_SCALE,"Revisione visiva della tavola del SET; non certifica microtesto, misure, compatibilità o fabbricazione."
originals/set02-th-gra.png,th-gra,2,thermal,90e6963a6a586ac653ece4255c9abc9fe0f4fde4566b70657f88ce55d10e39be,True,RGBA,1408,768,"[470, 174, 936, 594]",0,255,True,True,"Downloaded-source contact sheet, registered crop; selected full-resolution details",REVIEWED_NO_ADDITIONAL_OBVIOUS_ISSUE_AT_SHEET_SCALE,"Revisione visiva della tavola del SET; non certifica microtesto, misure, compatibilità o fabbricazione."
originals/set02-vapor-chamber.png,th-vc,2,thermal,529caa05c08dc44ebb010ee9d5c96e10478b017b2b21093c2a32159a57c1360e,True,RGBA,1408,768,"[404, 115, 1004, 653]",0,255,True,True,"Downloaded-source contact sheet, registered crop; selected full-resolution details",REVIEWED_NO_ADDITIONAL_OBVIOUS_ISSUE_AT_SHEET_SCALE,"Revisione visiva della tavola del SET; non certifica microtesto, misure, compatibilità o fabbricazione."
originals/set03-back-matte.png,back-matte,3,backcover,4c74b7fca557029a9b77c22e2fcccd626a48191cda41e592ce0ea8e8ebee7517,True,RGBA,1408,768,"[563, 82, 844, 689]",0,255,True,True,"Downloaded-source contact sheet, registered crop; selected full-resolution details",REVIEWED_NO_ADDITIONAL_OBVIOUS_ISSUE_AT_SHEET_SCALE,"Revisione visiva della tavola del SET; non certifica microtesto, misure, compatibilità o fabbricazione."
originals/set03-bat-4500.png,bat-4500,3,battery,fb629d7353fe1893fdeeddc0a5808368dd0b9dffadd9a8981418354455fc5537,True,RGBA,1408,768,"[377, 89, 1031, 642]",0,255,True,True,"Downloaded-source contact sheet, registered crop; selected full-resolution details",REVIEWED_NO_ADDITIONAL_OBVIOUS_ISSUE_AT_SHEET_SCALE,"Revisione visiva della tavola del SET; non certifica microtesto, misure, compatibilità o fabbricazione."
originals/set03-board-pro.png,board-pro,3,motherboard,db9f6eff921ebf50d32bf0507eca7945c63672345b668ad14a61ac70d2e204ad,True,RGBA,1408,768,"[60, 58, 1346, 724]",0,255,True,True,"Downloaded-source contact sheet, registered crop; selected full-resolution details",REVIEWED_WITH_ISSUE,Assegnazione RAM/UFS ipotetica tra footprint; raster largo rispetto alle dimensioni nominali. Nessuna validazione PCB.
originals/set03-cam-triple.png,cam-triple,3,cameraRear,ed907e278c8963e06366648916e7af5d8c405c373b8deb4f88087d537c7f4746,True,RGBA,1376,768,"[527, 112, 849, 675]",0,255,True,True,"Downloaded-source contact sheet, registered crop; selected full-resolution details",REVIEWED_NO_ADDITIONAL_OBVIOUS_ISSUE_AT_SHEET_SCALE,"Revisione visiva della tavola del SET; non certifica microtesto, misure, compatibilità o fabbricazione."
originals/set03-camf-32.png,camf-32,3,cameraFront,b2eb8f907df50c61ed56056d294e3a4464cc257139278dfbb6e0b64ae27c56a9,True,RGBA,1408,768,"[604, 174, 804, 596]",0,255,True,True,"Downloaded-source contact sheet, registered crop; selected full-resolution details",REVIEWED_WITH_ISSUE,Marcatura risoluzione ambigua S2/52 MP anziché 32 MP chiaramente leggibile; catalogo Sony IMX615 32 MP AF.
originals/set03-disp-oled.png,disp-oled,3,display,48f4ff0094db643fd08054f714835265b2ee00e7a76c14399f0127b9091555c4,True,RGBA,1408,768,"[559, 73, 849, 695]",0,255,True,True,"Downloaded-source contact sheet, registered crop; selected full-resolution details",REVIEWED_NO_ADDITIONAL_OBVIOUS_ISSUE_AT_SHEET_SCALE,"Revisione visiva della tavola del SET; non certifica microtesto, misure, compatibilità o fabbricazione."
originals/set03-frame-ti.png,frame-ti,3,frame,3da5c2959645798659fd2272bf9f1a5d7945e4e1e7969015581885519578cf74,True,RGBA,704,1504,"[54, 62, 656, 1425]",0,255,True,True,"Downloaded-source contact sheet, registered crop; selected full-resolution details",REVIEWED_NO_ADDITIONAL_OBVIOUS_ISSUE_AT_SHEET_SCALE,"Revisione visiva della tavola del SET; non certifica microtesto, misure, compatibilità o fabbricazione."
originals/set03-glass-dt.png,glass-dt,3,glass,8a799a4226fe0f11f26c7b28e243bd1c81c44e3e44d9ef07f2881d6a85413b62,True,RGBA,1376,768,"[249, 179, 1119, 590]",0,255,True,True,"Downloaded-source contact sheet, registered crop; selected full-resolution details",REVIEWED_NO_ADDITIONAL_OBVIOUS_ISSUE_AT_SHEET_SCALE,"Revisione visiva della tavola del SET; non certifica microtesto, misure, compatibilità o fabbricazione."
originals/set03-spk-stereo.png,spk-stereo,3,speaker,989147eeca139838a725b322b77ef03b30e42b2ee750cac9c8d6ba73648ff77c,True,RGBA,1408,768,"[460, 0, 949, 607]",0,255,True,True,"Downloaded-source contact sheet, registered crop; selected full-resolution details",REVIEWED_NO_ADDITIONAL_OBVIOUS_ISSUE_AT_SHEET_SCALE,"Revisione visiva della tavola del SET; non certifica microtesto, misure, compatibilità o fabbricazione."
originals/set03-usb-32.png,usb-32,3,usb,ea5c74727489d819e5b3d9ce15023ef951e4b879531e508ced5bb0168c3c2860,True,RGBA,1408,768,"[588, 42, 820, 726]",0,255,True,True,"Downloaded-source contact sheet, registered crop; selected full-resolution details",REVIEWED_NO_ADDITIONAL_OBVIOUS_ISSUE_AT_SHEET_SCALE,"Revisione visiva della tavola del SET; non certifica microtesto, misure, compatibilità o fabbricazione."
originals/set04-ant-wifi7.png,ant-wifi7,4,antenna,75456d47ca794b1d185535626838b7a029958af1267d9580e8ae54cbb410689d,True,RGBA,1408,768,"[116, 301, 1292, 468]",0,255,True,True,"Downloaded-source contact sheet, registered crop; selected full-resolution details",REVIEWED_NO_ADDITIONAL_OBVIOUS_ISSUE_AT_SHEET_SCALE,"Revisione visiva della tavola del SET; non certifica microtesto, misure, compatibilità o fabbricazione."
originals/set04-hap-x.png,hap-x,4,haptics,dea3b587ef7f9274184fb62e9e15497278cef8636c881867f7b53663f27d3032,True,RGBA,1408,768,"[325, 260, 1049, 507]",0,255,True,True,"Downloaded-source contact sheet, registered crop; selected full-resolution details",REVIEWED_NO_ADDITIONAL_OBVIOUS_ISSUE_AT_SHEET_SCALE,"Revisione visiva della tavola del SET; non certifica microtesto, misure, compatibilità o fabbricazione."
originals/set04-mic-3.png,mic-3,4,mic,cf2e1ecceb134d337780d69c9d71188885749909e938d62860648ffbf1f36d6b,True,RGBA,1408,768,"[455, 238, 954, 595]",0,255,True,True,"Downloaded-source contact sheet, registered crop; selected full-resolution details",REVIEWED_NO_ADDITIONAL_OBVIOUS_ISSUE_AT_SHEET_SCALE,"Revisione visiva della tavola del SET; non certifica microtesto, misure, compatibilità o fabbricazione."
originals/set04-ram-12.png,ram-12,4,ram,708f203e11e3ca57ade9cb0c99351e30f50c8052be4e6addb9c9ef18be771a74,True,RGBA,1408,768,"[435, 131, 974, 638]",0,255,True,True,"Downloaded-source contact sheet, registered crop; selected full-resolution details",REVIEWED_NO_ADDITIONAL_OBVIOUS_ISSUE_AT_SHEET_SCALE,"Revisione visiva della tavola del SET; non certifica microtesto, misure, compatibilità o fabbricazione."
originals/set04-ram-6.png,ram-6,4,ram,5f0fbc0b3c54029282c724c2cbaa4d8db1b81e86b6f5502bf1dfddb17c3a2773,True,RGBA,1408,768,"[437, 154, 970, 615]",0,255,True,True,"Downloaded-source contact sheet, registered crop; selected full-resolution details",REVIEWED_NO_ADDITIONAL_OBVIOUS_ISSUE_AT_SHEET_SCALE,"Revisione visiva della tavola del SET; non certifica microtesto, misure, compatibilità o fabbricazione."
originals/set04-sim-esim.png,sim-esim,4,sim,bac72c219e8afda3f6c58a96ec343f96cd7961481083cb8d2d9b749a59e890a2,True,RGBA,1408,768,"[387, 219, 999, 545]",0,255,True,True,"Downloaded-source contact sheet, registered crop; selected full-resolution details",REVIEWED_NO_ADDITIONAL_OBVIOUS_ISSUE_AT_SHEET_SCALE,"Revisione visiva della tavola del SET; non certifica microtesto, misure, compatibilità o fabbricazione."
originals/set04-soc-7g2.png,soc-7g2,4,soc,33bef3bdfe0b3ebb7ea1ed542e250e4e7751ab46e651bb66ab8345cd1e2d07d1,True,RGBA,1408,768,"[365, 60, 1043, 708]",0,255,True,True,"Downloaded-source contact sheet, registered crop; selected full-resolution details",REVIEWED_NO_ADDITIONAL_OBVIOUS_ISSUE_AT_SHEET_SCALE,"Revisione visiva della tavola del SET; non certifica microtesto, misure, compatibilità o fabbricazione."
originals/set04-soc-8e.png,soc-8e,4,soc,0b769a7567a8374b6ea69bcefca2160072c7129f35aec4b59fa5300f5336ec5f,True,RGBA,1408,768,"[418, 101, 991, 676]",0,255,True,True,"Downloaded-source contact sheet, registered crop; selected full-resolution details",REVIEWED_NO_ADDITIONAL_OBVIOUS_ISSUE_AT_SHEET_SCALE,"Revisione visiva della tavola del SET; non certifica microtesto, misure, compatibilità o fabbricazione."
originals/set04-sto-128.png,sto-128,4,storage,4aa6453f5ede0ffdc3e418194d4b8bef65219b821aeee1eb8a1b352a0340fd89,True,RGBA,1408,768,"[466, 172, 941, 596]",0,255,True,True,"Downloaded-source contact sheet, registered crop; selected full-resolution details",REVIEWED_NO_ADDITIONAL_OBVIOUS_ISSUE_AT_SHEET_SCALE,"Revisione visiva della tavola del SET; non certifica microtesto, misure, compatibilità o fabbricazione."
originals/set04-th-vc.png,th-vc,4,thermal,cb59473fb1d568dc61f53cc2a63330c6e91352ab103884d983f3b85c4d8fa894,True,RGBA,1408,768,"[450, 162, 958, 606]",0,255,True,True,"Downloaded-source contact sheet, registered crop; selected full-resolution details",REVIEWED_NO_ADDITIONAL_OBVIOUS_ISSUE_AT_SHEET_SCALE,"Revisione visiva della tavola del SET; non certifica microtesto, misure, compatibilità o fabbricazione."
originals/set05-back-cer.png,back-cer,5,backcover,e09d984d93c77febef505310d0cb85800cf6d2fdb1e8a1498a09464f5f0eefb4,True,RGBA,704,1504,"[36, 42, 669, 1462]",0,255,True,True,"Downloaded-source contact sheet, registered crop; selected full-resolution details",REVIEWED_NO_ADDITIONAL_OBVIOUS_ISSUE_AT_SHEET_SCALE,"Revisione visiva della tavola del SET; non certifica microtesto, misure, compatibilità o fabbricazione."
originals/set05-bat-5000.png,bat-5000,5,battery,c1623390690103f17a27fad83f0cbc6bb9fb9755f8e842a1405ee5a56ff0c9db,True,RGBA,1408,768,"[122, 77, 1285, 649]",0,255,True,True,"Downloaded-source contact sheet, registered crop; selected full-resolution details",REVIEWED_NO_ADDITIONAL_OBVIOUS_ISSUE_AT_SHEET_SCALE,"Revisione visiva della tavola del SET; non certifica microtesto, misure, compatibilità o fabbricazione."
originals/set05-board-lite.png,board-lite,5,motherboard,4de0b0de5004960eab33b3401293ce7c8c9944f02b623dc5f5a893c86cd7e95f,True,RGBA,1408,768,"[71, 62, 1336, 708]",0,255,True,True,"Downloaded-source contact sheet, registered crop; selected full-resolution details",REVIEWED_WITH_ISSUE,Footprint SoC evidente; RAM/UFS non individuati esplicitamente: vietato dedurne sedi certe.
originals/set05-cam-quad.png,cam-quad,5,cameraRear,3b788a9049d2215f17792527c04ae823a42c6b074b2549432fc213bfa0554a86,True,RGBA,1408,768,"[501, 112, 908, 686]",0,255,True,True,"Downloaded-source contact sheet, registered crop; selected full-resolution details",REVIEWED_NO_ADDITIONAL_OBVIOUS_ISSUE_AT_SHEET_SCALE,"Revisione visiva della tavola del SET; non certifica microtesto, misure, compatibilità o fabbricazione."
originals/set05-camf-50b.png,camf-50b,5,cameraFront,4ad51587adea88d331e6864014d870523bbe21caa18428c608f64cbe32250e44,True,RGBA,1408,768,"[498, 213, 1096, 554]",0,255,True,True,"Downloaded-source contact sheet, registered crop; selected full-resolution details",REVIEWED_NO_ADDITIONAL_OBVIOUS_ISSUE_AT_SHEET_SCALE,"Revisione visiva della tavola del SET; non certifica microtesto, misure, compatibilità o fabbricazione."
originals/set05-disp-am.png,disp-am,5,display,1ae51f8676ec910a30d2bd60f7baa75ba82df159056e12c0496dfec0046d21f8,True,RGBA,768,1376,"[104, 93, 663, 1284]",0,255,True,True,"Downloaded-source contact sheet, registered crop; selected full-resolution details",REVIEWED_NO_ADDITIONAL_OBVIOUS_ISSUE_AT_SHEET_SCALE,"Revisione visiva della tavola del SET; non certifica microtesto, misure, compatibilità o fabbricazione."
originals/set05-frame-poly.png,frame-poly,5,frame,5c3b86bd0c6c4c16e5ec67f9b91e7e17fca83914e7bd178610e0c555b479a24e,True,RGBA,1408,768,"[550, 59, 858, 711]",0,255,True,True,"Downloaded-source contact sheet, registered crop; selected full-resolution details",REVIEWED_NO_ADDITIONAL_OBVIOUS_ISSUE_AT_SHEET_SCALE,"Revisione visiva della tavola del SET; non certifica microtesto, misure, compatibilità o fabbricazione."
originals/set05-glass-victus3.png,glass-victus3,5,glass,5b7542402b01921f49eb30ce9defe3490de3426c2afb2804d9c676f73a090a6c,True,RGBA,1408,768,"[211, 131, 1197, 638]",0,255,True,True,"Downloaded-source contact sheet, registered crop; selected full-resolution details",REVIEWED_NO_ADDITIONAL_OBVIOUS_ISSUE_AT_SHEET_SCALE,"Revisione visiva della tavola del SET; non certifica microtesto, misure, compatibilità o fabbricazione."
originals/set05-spk-dolby.png,spk-dolby,5,speaker,134118ab432711863f036878da398378326f115436710dcaa96e0f7a4604cdf4,True,RGBA,1408,768,"[360, 80, 1043, 525]",0,255,True,True,"Downloaded-source contact sheet, registered crop; selected full-resolution details",REVIEWED_NO_ADDITIONAL_OBVIOUS_ISSUE_AT_SHEET_SCALE,"Revisione visiva della tavola del SET; non certifica microtesto, misure, compatibilità o fabbricazione."
originals/set05-usb-40.png,usb-40,5,usb,892f0eeb25258ecb82eafdadcca4ad88c9c96559a7c1471b62e36c88463c7962,True,RGBA,1408,768,"[596, 39, 814, 729]",0,255,True,True,"Downloaded-source contact sheet, registered crop; selected full-resolution details",REVIEWED_NO_ADDITIONAL_OBVIOUS_ISSUE_AT_SHEET_SCALE,"Revisione visiva della tavola del SET; non certifica microtesto, misure, compatibilità o fabbricazione."
originals/set06-ant-wifi6e.png,ant-wifi6e,6,antenna,6bdb84cb9e749a9e6ade45136fe86d07390048b9bd502bb88e33d56854456697,True,RGBA,1408,768,"[110, 298, 1295, 471]",0,255,True,True,"Downloaded-source contact sheet, registered crop; selected full-resolution details",REVIEWED_NO_ADDITIONAL_OBVIOUS_ISSUE_AT_SHEET_SCALE,"Revisione visiva della tavola del SET; non certifica microtesto, misure, compatibilità o fabbricazione."
originals/set06-hap-xl.png,hap-xl,6,haptics,cd9a416467737b89045c0c68f8f4af31008777a6839db25eeab705e97c5f3185,True,RGBA,1408,768,"[441, 117, 971, 651]",0,255,True,True,"Downloaded-source contact sheet, registered crop; selected full-resolution details",REVIEWED_NO_ADDITIONAL_OBVIOUS_ISSUE_AT_SHEET_SCALE,"Revisione visiva della tavola del SET; non certifica microtesto, misure, compatibilità o fabbricazione."
originals/set06-mic-4.png,mic-4,6,mic,9066fc3f9a9b3b947187a56fdd57fc215039b9b40509a30f8733d1a9ecb75d25,True,RGBA,1408,768,"[394, 333, 1076, 440]",0,255,True,True,"Downloaded-source contact sheet, registered crop; selected full-resolution details",REVIEWED_NO_ADDITIONAL_OBVIOUS_ISSUE_AT_SHEET_SCALE,"Revisione visiva della tavola del SET; non certifica microtesto, misure, compatibilità o fabbricazione."
originals/set06-ram-16.png,ram-16,6,ram,bd0c1c33b59e44b0dbf8ffcd272e1b97766f50145c6a2dd12fb2dc0add0029b5,True,RGBA,1408,768,"[436, 148, 972, 620]",0,255,True,False,"Downloaded-source contact sheet, registered crop; selected full-resolution details",REVIEWED_WITH_ISSUE,"Marca raster Samsung, catalogo SK Hynix; 16 GB e 9600 coerenti ma identità da correggere."
originals/set06-ram-8.png,ram-8,6,ram,0f43c4fb9cbf41079c3640b758dd20457a675db4b455b30eeb3a9529da85b1c0,True,RGBA,1408,768,"[486, 163, 922, 597]",0,255,True,False,"Downloaded-source contact sheet, registered crop; selected full-resolution details",REVIEWED_NO_ADDITIONAL_OBVIOUS_ISSUE_AT_SHEET_SCALE,"Revisione visiva della tavola del SET; non certifica microtesto, misure, compatibilità o fabbricazione."
originals/set06-sim-dual.png,sim-dual,6,sim,1ee7cd7a646147606e45d19f08029d90d3704278176a7b19fe88292e29cfef2e,True,RGBA,1024,1024,"[305, 161, 721, 850]",0,255,True,True,"Downloaded-source contact sheet, registered crop; selected full-resolution details",REVIEWED_NO_ADDITIONAL_OBVIOUS_ISSUE_AT_SHEET_SCALE,"Revisione visiva della tavola del SET; non certifica microtesto, misure, compatibilità o fabbricazione."
originals/set06-soc-q6.png,soc-q6,6,soc,817730fbb4c1b540731e15e6b42def9df1bddcd25844a89e6c8e9357c8583d94,True,RGBA,1408,768,"[475, 156, 933, 613]",0,255,True,True,"Downloaded-source contact sheet, registered crop; selected full-resolution details",REVIEWED_NO_ADDITIONAL_OBVIOUS_ISSUE_AT_SHEET_SCALE,"Revisione visiva della tavola del SET; non certifica microtesto, misure, compatibilità o fabbricazione."
originals/set06-soc-vertv2.png,soc-vertv2,6,soc,9b32b3578ee4dac438850f52ffd796899cf6e3d5255785700e433a40cdd641bf,True,RGBA,1408,768,"[427, 116, 981, 661]",0,255,True,True,"Downloaded-source contact sheet, registered crop; selected full-resolution details",REVIEWED_NO_ADDITIONAL_OBVIOUS_ISSUE_AT_SHEET_SCALE,"Revisione visiva della tavola del SET; non certifica microtesto, misure, compatibilità o fabbricazione."
originals/set06-sto-256.png,sto-256,6,storage,983773433430f15431c0fd24b839b6c0e4c238caa564724001fa08e881b1300f,True,RGBA,1408,768,"[501, 189, 907, 579]",0,255,True,False,"Downloaded-source contact sheet, registered crop; selected full-resolution details",REVIEWED_NO_ADDITIONAL_OBVIOUS_ISSUE_AT_SHEET_SCALE,"Revisione visiva della tavola del SET; non certifica microtesto, misure, compatibilità o fabbricazione."
originals/set06-th-gra-vc.png,th-gra-vc,6,thermal,fa69c9bc82ccee65c0a38fe0c8a54a80dfd474f2c24672620a92594af42ee707,True,RGBA,1408,768,"[384, 101, 1022, 668]",0,255,True,True,"Downloaded-source contact sheet, registered crop; selected full-resolution details",REVIEWED_NO_ADDITIONAL_OBVIOUS_ISSUE_AT_SHEET_SCALE,"Revisione visiva della tavola del SET; non certifica microtesto, misure, compatibilità o fabbricazione."
generated/set08-ant-uwb.png,ant-uwb,8,antenna,a60ff2a41cbf8eac8b1eb52c8ba3c2ccf9b346ba7dab943783b017eb9cee8501,True,RGBA,1408,768,"[68, 275, 1340, 500]",0,255,True,True,"Downloaded-source contact sheet, registered crop; selected full-resolution details",REVIEWED_NO_ADDITIONAL_OBVIOUS_ISSUE_AT_SHEET_SCALE,"Revisione visiva della tavola del SET; non certifica microtesto, misure, compatibilità o fabbricazione."
generated/set08-hap-z.png,hap-z,8,haptics,c4c6337a031be82293b7d742c4ecae0901ac6b6cf566739aa22ac7786fc99fcd,True,RGBA,1408,768,"[479, 60, 929, 708]",0,255,True,True,"Downloaded-source contact sheet, registered crop; selected full-resolution details",REVIEWED_NO_ADDITIONAL_OBVIOUS_ISSUE_AT_SHEET_SCALE,"Revisione visiva della tavola del SET; non certifica microtesto, misure, compatibilità o fabbricazione."
generated/set08-mic-1.png,mic-1,8,mic,178c1a5b42e29601af3fb2fd15924094bf6b5ff3d158ce3698e7888ce01a56f5,True,RGBA,1408,768,"[488, 191, 920, 572]",0,255,True,True,"Downloaded-source contact sheet, registered crop; selected full-resolution details",REVIEWED_NO_ADDITIONAL_OBVIOUS_ISSUE_AT_SHEET_SCALE,"Revisione visiva della tavola del SET; non certifica microtesto, misure, compatibilità o fabbricazione."
generated/set08-ram-24.png,ram-24,8,ram,9ba54d731383c3d905aae062dab09336c8c45f6220466a75f7031b2085e4181f,True,RGBA,944,1120,"[210, 292, 734, 828]",0,255,True,True,"Downloaded-source contact sheet, registered crop; selected full-resolution details",REVIEWED_NO_ADDITIONAL_OBVIOUS_ISSUE_AT_SHEET_SCALE,"Revisione visiva della tavola del SET; non certifica microtesto, misure, compatibilità o fabbricazione."
generated/set08-ram-8x.png,ram-8x,8,ram,24ce89cec7835697d154724ea06fa9a478826933c659b7f0fb3aa064a8d5746d,True,RGBA,1024,1024,"[212, 170, 812, 853]",0,255,True,True,"Downloaded-source contact sheet, registered crop; selected full-resolution details",REVIEWED_NO_ADDITIONAL_OBVIOUS_ISSUE_AT_SHEET_SCALE,"Revisione visiva della tavola del SET; non certifica microtesto, misure, compatibilità o fabbricazione."
generated/set08-sim-hybrid.png,sim-hybrid,8,sim,206f32ca933a421b8f04c23ac61fe6382ec264a5fa9258a93a72966d9b4685c5,True,RGBA,1408,768,"[151, 126, 1256, 642]",0,255,True,False,"Downloaded-source contact sheet, registered crop; selected full-resolution details",REVIEWED_WITH_ISSUE,Tre vani visibili: non assumere geometria del carrello ibrido verificata; montaggio sospeso.
generated/set08-soc-8s.png,soc-8s,8,soc,187b392110762b296ac88067a3469a5179ea00d03849f9c874957873759fad38,True,RGBA,1408,768,"[386, 59, 1020, 706]",0,255,True,True,"Downloaded-source contact sheet, registered crop; selected full-resolution details",REVIEWED_NO_ADDITIONAL_OBVIOUS_ISSUE_AT_SHEET_SCALE,"Revisione visiva della tavola del SET; non certifica microtesto, misure, compatibilità o fabbricazione."
generated/set08-soc-d9400.png,soc-d9400,8,soc,943fe3f62ecc99d91147ee2c8d9ab0d2230aabb7daab5c09268999c7183653fb,True,RGBA,1024,1024,"[93, 93, 931, 931]",0,255,True,True,"Downloaded-source contact sheet, registered crop; selected full-resolution details",REVIEWED_NO_ADDITIONAL_OBVIOUS_ISSUE_AT_SHEET_SCALE,"Revisione visiva della tavola del SET; non certifica microtesto, misure, compatibilità o fabbricazione."
generated/set08-sto-512.png,sto-512,8,storage,239fe39cba06419f7382c37f51fd4cc542e3c24bead09c1497dd669b5865310e,True,RGBA,1408,768,"[454, 100, 953, 676]",0,255,True,True,"Downloaded-source contact sheet, registered crop; selected full-resolution details",REVIEWED_NO_ADDITIONAL_OBVIOUS_ISSUE_AT_SHEET_SCALE,"Revisione visiva della tavola del SET; non certifica microtesto, misure, compatibilità o fabbricazione."
generated/set08-th-coil.png,th-coil,8,thermal,4489b6de91e06da0e4187234482b8443d503bd35f3fa4fca49e5ef3f62b04f57,True,RGBA,1408,768,"[194, 77, 1334, 692]",0,255,True,True,"Downloaded-source contact sheet, registered crop; selected full-resolution details",REVIEWED_NO_ADDITIONAL_OBVIOUS_ISSUE_AT_SHEET_SCALE,"Revisione visiva della tavola del SET; non certifica microtesto, misure, compatibilità o fabbricazione."
generated/set09-back-green.png,back-green,9,backcover,a9c36453f7fd4c5a86ec4e1fd62fc4c8ced248dcffabea96cc60504184e94e3a,True,RGBA,1376,768,"[539, 60, 837, 709]",0,255,True,True,"Downloaded-source contact sheet, registered crop; selected full-resolution details",REVIEWED_NO_ADDITIONAL_OBVIOUS_ISSUE_AT_SHEET_SCALE,"Revisione visiva della tavola del SET; non certifica microtesto, misure, compatibilità o fabbricazione."
generated/set09-bat-7000.png,bat-7000,9,battery,9c9817638e12b530914162da37efc3eecc6ba198f8f283f742f1d63256a024cc,True,RGBA,768,1376,"[100, 85, 667, 1292]",0,255,True,True,"Downloaded-source contact sheet, registered crop; selected full-resolution details",REVIEWED_NO_ADDITIONAL_OBVIOUS_ISSUE_AT_SHEET_SCALE,"Revisione visiva della tavola del SET; non certifica microtesto, misure, compatibilità o fabbricazione."
generated/set09-board-rf.png,board-rf,9,motherboard,c6e5100cb2d24a3c07e54aadbe687d888c7dc8260ef77ff73895a836d922eae6,True,RGBA,1408,768,"[82, 79, 1331, 692]",0,255,True,True,"Downloaded-source contact sheet, registered crop; selected full-resolution details",REVIEWED_NO_ADDITIONAL_OBVIOUS_ISSUE_AT_SHEET_SCALE,"Revisione visiva della tavola del SET; non certifica microtesto, misure, compatibilità o fabbricazione."
generated/set09-cam-peri2.png,cam-peri2,9,cameraRear,144aeb714c44212e319ab0fd03c02bbf72c01b76652a11a570513885ac16eb9b,True,RGBA,1408,768,"[93, 183, 1317, 587]",0,255,True,False,"Downloaded-source contact sheet, registered crop; selected full-resolution details",REVIEWED_NO_ADDITIONAL_OBVIOUS_ISSUE_AT_SHEET_SCALE,"Revisione visiva della tavola del SET; non certifica microtesto, misure, compatibilità o fabbricazione."
generated/set09-camf-12.png,camf-12,9,cameraFront,dea0bd631e29900774532727900b5944e7b1e6d17c233b9fe315ef4f5a236608,True,RGBA,1408,768,"[523, 204, 1080, 618]",0,255,True,False,"Downloaded-source contact sheet, registered crop; selected full-resolution details",REVIEWED_NO_ADDITIONAL_OBVIOUS_ISSUE_AT_SHEET_SCALE,"Revisione visiva della tavola del SET; non certifica microtesto, misure, compatibilità o fabbricazione."
generated/set09-disp-oled63.png,disp-oled63,9,display,8d4dda8ac9fdf46e26da2b03f7c2e5b6c46fe4fd9f2e0a3c33dc7c77f75f5d0b,True,RGBA,1408,768,"[547, 36, 861, 734]",0,255,True,True,"Downloaded-source contact sheet, registered crop; selected full-resolution details",REVIEWED_NO_ADDITIONAL_OBVIOUS_ISSUE_AT_SHEET_SCALE,"Revisione visiva della tavola del SET; non certifica microtesto, misure, compatibilità o fabbricazione."
generated/set09-frame-mag.png,frame-mag,9,frame,239a81c21cfa83f5a9bf70f1936f95ebb172d58b8013af9c96aad81ca09a7f21,True,RGBA,704,1520,"[70, 70, 633, 1426]",0,255,True,True,"Downloaded-source contact sheet, registered crop; selected full-resolution details",REVIEWED_NO_ADDITIONAL_OBVIOUS_ISSUE_AT_SHEET_SCALE,"Revisione visiva della tavola del SET; non certifica microtesto, misure, compatibilità o fabbricazione."
generated/set09-glass-zaf.png,glass-zaf,9,glass,417672b2dd51753f3e015653f25922fe7ea728306a310a5b1e3306fba17a989c,True,RGBA,704,1520,"[67, 132, 637, 1387]",0,255,True,True,"Downloaded-source contact sheet, registered crop; selected full-resolution details",REVIEWED_NO_ADDITIONAL_OBVIOUS_ISSUE_AT_SHEET_SCALE,"Revisione visiva della tavola del SET; non certifica microtesto, misure, compatibilità o fabbricazione."
generated/set09-spk-stereo-bot.png,spk-stereo-bot,9,speaker,ac74bba61ff58d034ef00bff1581eb7b8b0943cc60b0414b74b794a11e845b32,True,RGBA,1408,768,"[186, 262, 1222, 508]",0,255,True,True,"Downloaded-source contact sheet, registered crop; selected full-resolution details",REVIEWED_NO_ADDITIONAL_OBVIOUS_ISSUE_AT_SHEET_SCALE,"Revisione visiva della tavola del SET; non certifica microtesto, misure, compatibilità o fabbricazione."
generated/set09-usb-dp.png,usb-dp,9,usb,3fd4e9c421dc04ef529d3e3bb55d7781c4584d0a9e0efc5996c9455e4023c2bc,True,RGBA,1408,768,"[519, 109, 889, 658]",0,255,True,True,"Downloaded-source contact sheet, registered crop; selected full-resolution details",REVIEWED_NO_ADDITIONAL_OBVIOUS_ISSUE_AT_SHEET_SCALE,"Revisione visiva della tavola del SET; non certifica microtesto, misure, compatibilità o fabbricazione."
generated/set10-hap-dual.png,hap-dual,10,haptics,e90921ce2f9537b0f9250c33b72a9d4e79df885fed17207ef44184d652036352,True,RGBA,1408,768,"[74, 229, 1335, 632]",0,255,True,False,"Downloaded-source contact sheet, registered crop; selected full-resolution details",REVIEWED_NO_ADDITIONAL_OBVIOUS_ISSUE_AT_SHEET_SCALE,"Revisione visiva della tavola del SET; non certifica microtesto, misure, compatibilità o fabbricazione."
generated/set10-ram-18.png,ram-18,10,ram,70aa970215285633b8b74442c9a88d92b09b34142e4d98835b4b673b86fc7e94,True,RGBA,816,1312,"[100, 214, 716, 1099]",0,255,True,True,"Downloaded-source contact sheet, registered crop; selected full-resolution details",REVIEWED_NO_ADDITIONAL_OBVIOUS_ISSUE_AT_SHEET_SCALE,"Revisione visiva della tavola del SET; non certifica microtesto, misure, compatibilità o fabbricazione."
generated/set10-ram-32.png,ram-32,10,ram,af0715636cb96d3299a6448172050e5dc50d3ba36a3af7282413b3f02eb58175,True,RGBA,896,1200,"[185, 211, 708, 990]",0,255,True,True,"Downloaded-source contact sheet, registered crop; selected full-resolution details",REVIEWED_NO_ADDITIONAL_OBVIOUS_ISSUE_AT_SHEET_SCALE,"Revisione visiva della tavola del SET; non certifica microtesto, misure, compatibilità o fabbricazione."
generated/set10-soc-8e2.png,soc-8e2,10,soc,67739563155f438a1105e2fe1416311b60329a81717f46fb64f346c8373c3e9d,True,RGBA,1408,768,"[427, 111, 981, 663]",0,255,True,True,"Downloaded-source contact sheet, registered crop; selected full-resolution details",REVIEWED_NO_ADDITIONAL_OBVIOUS_ISSUE_AT_SHEET_SCALE,"Revisione visiva della tavola del SET; non certifica microtesto, misure, compatibilità o fabbricazione."
generated/set10-soc-dim95.png,soc-dim95,10,soc,c4922d8b0944a40714337cf51735b06c7aa85bb048f29fb640224f0bfc717440,True,RGBA,1408,768,"[431, 110, 977, 661]",0,255,True,True,"Downloaded-source contact sheet, registered crop; selected full-resolution details",REVIEWED_NO_ADDITIONAL_OBVIOUS_ISSUE_AT_SHEET_SCALE,"Revisione visiva della tavola del SET; non certifica microtesto, misure, compatibilità o fabbricazione."
generated/set10-soc-ten6.png,soc-ten6,10,soc,5d2b7690c56566b93c5eb8751a8a910b39b43d2160baf8996fa3bde7351e5ab9,True,RGBA,1408,768,"[471, 150, 937, 618]",0,255,True,True,"Downloaded-source contact sheet, registered crop; selected full-resolution details",REVIEWED_NO_ADDITIONAL_OBVIOUS_ISSUE_AT_SHEET_SCALE,"Revisione visiva della tavola del SET; non certifica microtesto, misure, compatibilità o fabbricazione."
generated/set10-sto-1tb41.png,sto-1tb41,10,storage,e0a643b416c5694018fcb6bc856777f744c88f98520732aadc1f39be00f73ba2,True,RGBA,1408,768,"[439, 93, 969, 675]",0,255,True,True,"Downloaded-source contact sheet, registered crop; selected full-resolution details",REVIEWED_NO_ADDITIONAL_OBVIOUS_ISSUE_AT_SHEET_SCALE,"Revisione visiva della tavola del SET; non certifica microtesto, misure, compatibilità o fabbricazione."
generated/set10-sto-2tb.png,sto-2tb,10,storage,da85f365eb0cdad4158f02710c20d0b6a907e74c25308be5b2424ac11f04e17f,True,RGBA,1408,768,"[459, 101, 948, 670]",0,255,True,True,"Downloaded-source contact sheet, registered crop; selected full-resolution details",REVIEWED_NO_ADDITIONAL_OBVIOUS_ISSUE_AT_SHEET_SCALE,"Revisione visiva della tavola del SET; non certifica microtesto, misure, compatibilità o fabbricazione."
generated/set10-th-cu.png,th-cu,10,thermal,bf14a587e945b88035ae9731382ee5e29fd6942c453f0fe6a375fdabbcdc5b18,True,RGBA,1408,768,"[83, 318, 1325, 450]",0,255,True,True,"Downloaded-source contact sheet, registered crop; selected full-resolution details",REVIEWED_NO_ADDITIONAL_OBVIOUS_ISSUE_AT_SHEET_SCALE,"Revisione visiva della tavola del SET; non certifica microtesto, misure, compatibilità o fabbricazione."
generated/set10-th-gr2.png,th-gr2,10,thermal,61dd8b7dd9922d08b8abb7e32ee470d07481952301967577703f98ebf8170d8f,True,RGBA,1408,768,"[216, 110, 1192, 658]",0,255,True,False,"Downloaded-source contact sheet, registered crop; selected full-resolution details",REVIEWED_WITH_ISSUE,Tre sagome/fogli visibili rispetto a Dual graphite 0.2 + 0.2 mm: chiarire/correggere conteggio.
generated/set11-back-alu.png,back-alu,11,backcover,bf811f8ce7854744b4d545e0237954800068953d165874b1afce227101201cbd,True,RGBA,704,1520,"[22, 25, 682, 1497]",0,255,True,True,"Downloaded-source contact sheet, registered crop; selected full-resolution details",REVIEWED_NO_ADDITIONAL_OBVIOUS_ISSUE_AT_SHEET_SCALE,"Revisione visiva della tavola del SET; non certifica microtesto, misure, compatibilità o fabbricazione."
generated/set11-back-leather.png,back-leather,11,backcover,b40099b59c5e7d42561a3c315535dfee87cf62da6768e1c272831b1ed2d90222,True,RGBA,704,1520,"[28, 35, 676, 1486]",0,255,True,True,"Downloaded-source contact sheet, registered crop; selected full-resolution details",REVIEWED_NO_ADDITIONAL_OBVIOUS_ISSUE_AT_SHEET_SCALE,"Revisione visiva della tavola del SET; non certifica microtesto, misure, compatibilità o fabbricazione."
generated/set11-bat-dual.png,bat-dual,11,battery,74cff9ab33d72d3de523825a2c37973633f9cd0da4d5cbfb696a28a4632ee20c,True,RGBA,1408,768,"[73, 72, 1335, 694]",0,255,True,True,"Downloaded-source contact sheet, registered crop; selected full-resolution details",REVIEWED_NO_ADDITIONAL_OBVIOUS_ISSUE_AT_SHEET_SCALE,"Revisione visiva della tavola del SET; non certifica microtesto, misure, compatibilità o fabbricazione."
generated/set11-cons-screws.png,cons-screws,11,frame,ab4e94b18d737950fa45eba2e292fbd9fb08c201322d61f7913cd353953f53ec,True,RGBA,1408,768,"[95, 91, 1312, 684]",0,255,True,False,"Downloaded-source contact sheet, registered crop; selected full-resolution details",REVIEWED_NO_ADDITIONAL_OBVIOUS_ISSUE_AT_SHEET_SCALE,"Revisione visiva della tavola del SET; non certifica microtesto, misure, compatibilità o fabbricazione."
generated/set11-frame-classic.png,frame-classic,11,frame,a913648292e2b7416fbe2583c0b12d364a0ca1bfe1829eac1859743bb6765e16,True,RGBA,768,1376,"[60, 62, 708, 1314]",0,255,True,True,"Downloaded-source contact sheet, registered crop; selected full-resolution details",REVIEWED_NO_ADDITIONAL_OBVIOUS_ISSUE_AT_SHEET_SCALE,"Revisione visiva della tavola del SET; non certifica microtesto, misure, compatibilità o fabbricazione."
generated/set11-soc-exy26.png,soc-exy26,11,soc,ff254d09ed2ca89ae7b56c7b1c42381d452f0184f44dc8d969339a90bcf8f8bf,True,RGBA,1408,768,"[456, 136, 952, 632]",0,255,True,True,"Downloaded-source contact sheet, registered crop; selected full-resolution details",REVIEWED_NO_ADDITIONAL_OBVIOUS_ISSUE_AT_SHEET_SCALE,"Revisione visiva della tavola del SET; non certifica microtesto, misure, compatibilità o fabbricazione."
generated/set11-soc-g99.png,soc-g99,11,soc,f6612b93a62d75013c4ed9a22fdb86788c022651fea3f0f4818a1ec7103c276b,True,RGBA,1408,768,"[418, 92, 990, 676]",0,255,True,True,"Downloaded-source contact sheet, registered crop; selected full-resolution details",REVIEWED_NO_ADDITIONAL_OBVIOUS_ISSUE_AT_SHEET_SCALE,"Revisione visiva della tavola del SET; non certifica microtesto, misure, compatibilità o fabbricazione."
generated/set11-soc-helio.png,soc-helio,11,soc,389c1e320b59ee5e5688a62262608ae412467cefc4e88fb316ce85723cef47df,True,RGBA,1408,768,"[472, 152, 937, 618]",0,255,True,True,"Downloaded-source contact sheet, registered crop; selected full-resolution details",REVIEWED_NO_ADDITIONAL_OBVIOUS_ISSUE_AT_SHEET_SCALE,"Revisione visiva della tavola del SET; non certifica microtesto, misure, compatibilità o fabbricazione."
generated/set11-soc-tensor.png,soc-tensor,11,soc,1a45485074fedacac66fb397ece7e064f9e7dfad793da326554a6effcb0ff0a4,True,RGBA,1408,768,"[434, 114, 974, 654]",0,255,True,True,"Downloaded-source contact sheet, registered crop; selected full-resolution details",REVIEWED_NO_ADDITIONAL_OBVIOUS_ISSUE_AT_SHEET_SCALE,"Revisione visiva della tavola del SET; non certifica microtesto, misure, compatibilità o fabbricazione."
generated/set11-sto-1tb.png,sto-1tb,11,storage,cb4966e62a8bd96a35558e8776acadf32033e3972209908c44874354afb645c9,True,RGBA,1408,768,"[489, 178, 919, 590]",0,255,True,True,"Downloaded-source contact sheet, registered crop; selected full-resolution details",REVIEWED_NO_ADDITIONAL_OBVIOUS_ISSUE_AT_SHEET_SCALE,"Revisione visiva della tavola del SET; non certifica microtesto, misure, compatibilità o fabbricazione."
generated/set12-cons-glue.png,cons-glue,12,frame,aa63577fcee2237e37fd1a2a8d3810eff15426cae2f495f7d360f10372b8de63,True,RGBA,1408,768,"[280, 271, 1128, 502]",0,255,True,False,"Downloaded-source contact sheet, registered crop; selected full-resolution details",REVIEWED_NO_ADDITIONAL_OBVIOUS_ISSUE_AT_SHEET_SCALE,"Revisione visiva della tavola del SET; non certifica microtesto, misure, compatibilità o fabbricazione."
generated/set12-cons-tabs.png,cons-tabs,12,frame,f13b69f96457447a61e51cffbc8f0ba2d610930094f6531418aad9e4ce52697f,True,RGBA,1408,768,"[436, 67, 973, 702]",0,255,True,False,"Downloaded-source contact sheet, registered crop; selected full-resolution details",REVIEWED_NO_ADDITIONAL_OBVIOUS_ISSUE_AT_SHEET_SCALE,"Revisione visiva della tavola del SET; non certifica microtesto, misure, compatibilità o fabbricazione."
generated/set12-frame-mg.png,frame-mg,12,frame,32f472918469a4d2167f4cfe55340cb1eea94565a1286989b99681448ec7f2d4,True,RGBA,1408,768,"[546, 55, 862, 717]",0,255,True,True,"Downloaded-source contact sheet, registered crop; selected full-resolution details",REVIEWED_NO_ADDITIONAL_OBVIOUS_ISSUE_AT_SHEET_SCALE,"Revisione visiva della tavola del SET; non certifica microtesto, misure, compatibilità o fabbricazione."
generated/set12-frame-ss.png,frame-ss,12,frame,f38fa16d194c8510011fb0ba7633c63667a9e831813094477d7c9a4da2da1fc1,True,RGBA,704,1520,"[57, 156, 647, 1364]",0,255,True,True,"Downloaded-source contact sheet, registered crop; selected full-resolution details",REVIEWED_NO_ADDITIONAL_OBVIOUS_ISSUE_AT_SHEET_SCALE,"Revisione visiva della tavola del SET; non certifica microtesto, misure, compatibilità o fabbricazione."
generated/set12-soc-6g1.png,soc-6g1,12,soc,8b940d630d1fc49207a72e2d776745a6edebe488c88a2a758bf4cb3ae0e47db2,True,RGBA,1408,768,"[456, 134, 952, 636]",0,255,True,True,"Downloaded-source contact sheet, registered crop; selected full-resolution details",REVIEWED_NO_ADDITIONAL_OBVIOUS_ISSUE_AT_SHEET_SCALE,"Revisione visiva della tavola del SET; non certifica microtesto, misure, compatibilità o fabbricazione."
generated/set12-soc-7g3.png,soc-7g3,12,soc,27eb88549881758afd8c302bef2b916b4e4fa00e984cf2114c8e9aebec5784ac,True,RGBA,1408,768,"[491, 166, 917, 602]",0,255,True,True,"Downloaded-source contact sheet, registered crop; selected full-resolution details",REVIEWED_NO_ADDITIONAL_OBVIOUS_ISSUE_AT_SHEET_SCALE,"Revisione visiva della tavola del SET; non certifica microtesto, misure, compatibilità o fabbricazione."
generated/set12-soc-8g2.png,soc-8g2,12,soc,6429a446f252d77a6574b35067fd6399c2f029543d19fee276c8921a1fe2ee82,True,RGBA,1408,768,"[459, 139, 949, 629]",0,255,True,True,"Downloaded-source contact sheet, registered crop; selected full-resolution details",REVIEWED_NO_ADDITIONAL_OBVIOUS_ISSUE_AT_SHEET_SCALE,"Revisione visiva della tavola del SET; non certifica microtesto, misure, compatibilità o fabbricazione."
generated/set12-soc-d7300.png,soc-d7300,12,soc,2262a4b46ba67fa417988b5f63b55266483b59844b8bb6472ea0d5f9e02b02b9,True,RGBA,1408,768,"[450, 130, 958, 642]",0,255,True,True,"Downloaded-source contact sheet, registered crop; selected full-resolution details",REVIEWED_NO_ADDITIONAL_OBVIOUS_ISSUE_AT_SHEET_SCALE,"Revisione visiva della tavola del SET; non certifica microtesto, misure, compatibilità o fabbricazione."
generated/set12-soc-d8300.png,soc-d8300,12,soc,a6928a755ac02443425f757f3205f9ca84ac289de9505134678950f277639dbd,True,RGBA,1024,1024,"[262, 262, 762, 762]",0,255,True,True,"Downloaded-source contact sheet, registered crop; selected full-resolution details",REVIEWED_WITH_ISSUE,Nome Dimensity 8300 leggibile; MT6880V e sigle CPU/GPU extra non verificate: rimuovere o verificare.
generated/set12-soc-d9300.png,soc-d9300,12,soc,5c5a1bc3e280fc9b0084afcaa7d02f1c76a74c3cc18ee06d408bd7390515205a,True,RGBA,1408,768,"[467, 148, 940, 621]",0,255,True,True,"Downloaded-source contact sheet, registered crop; selected full-resolution details",REVIEWED_NO_ADDITIONAL_OBVIOUS_ISSUE_AT_SHEET_SCALE,"Revisione visiva della tavola del SET; non certifica microtesto, misure, compatibilità o fabbricazione."
generated/set13-bat-3500.png,bat-3500,13,battery,72e666efa665a392cc64ad7bcdd908748102445c427a240eb30d8e3e2bf0819d,True,RGBA,1408,768,"[442, 78, 966, 677]",0,255,True,True,"Downloaded-source contact sheet, registered crop; selected full-resolution details",REVIEWED_NO_ADDITIONAL_OBVIOUS_ISSUE_AT_SHEET_SCALE,"Revisione visiva della tavola del SET; non certifica microtesto, misure, compatibilità o fabbricazione."
generated/set13-bat-4000.png,bat-4000,13,battery,f91dbc88e0faefbf907c5d64ac3946b1c61dc8538e423511d2497699f7095fbc,True,RGBA,1408,768,"[444, 58, 965, 700]",0,255,True,True,"Downloaded-source contact sheet, registered crop; selected full-resolution details",REVIEWED_NO_ADDITIONAL_OBVIOUS_ISSUE_AT_SHEET_SCALE,"Revisione visiva della tavola del SET; non certifica microtesto, misure, compatibilità o fabbricazione."
generated/set13-bat-5500.png,bat-5500,13,battery,fa21bac2a7448757b424d3ed8f95c0d24b556e96e9f784a49192f25a05373259,True,RGBA,1408,768,"[477, 70, 932, 680]",0,255,True,True,"Downloaded-source contact sheet, registered crop; selected full-resolution details",REVIEWED_NO_ADDITIONAL_OBVIOUS_ISSUE_AT_SHEET_SCALE,"Revisione visiva della tavola del SET; non certifica microtesto, misure, compatibilità o fabbricazione."
generated/set13-ram-12lp4.png,ram-12lp4,13,ram,1d877348501299a0836399bbcc3d63cff62ff05c25ed27db9c4b0c1d59329fe5,True,RGBA,944,1120,"[67, 68, 878, 1052]",0,255,True,True,"Downloaded-source contact sheet, registered crop; selected full-resolution details",REVIEWED_NO_ADDITIONAL_OBVIOUS_ISSUE_AT_SHEET_SCALE,"Revisione visiva della tavola del SET; non certifica microtesto, misure, compatibilità o fabbricazione."
generated/set13-soc-ex2500.png,soc-ex2500,13,soc,685f7cd96df86e7da29fa3eedde4f78492c2a7f09556e60ad0c71cb2ab65eb66,True,RGBA,1024,1024,"[165, 165, 858, 860]",0,255,True,True,"Downloaded-source contact sheet, registered crop; selected full-resolution details",REVIEWED_NO_ADDITIONAL_OBVIOUS_ISSUE_AT_SHEET_SCALE,"Revisione visiva della tavola del SET; non certifica microtesto, misure, compatibilità o fabbricazione."
generated/set13-soc-kirin.png,soc-kirin,13,soc,9efa8ed2148c120f7ea322ba2a1e393ccc4b3c6a0426b1bc1c091f5dcabde49e,True,RGBA,1024,1024,"[163, 163, 861, 862]",0,255,True,True,"Downloaded-source contact sheet, registered crop; selected full-resolution details",REVIEWED_NO_ADDITIONAL_OBVIOUS_ISSUE_AT_SHEET_SCALE,"Revisione visiva della tavola del SET; non certifica microtesto, misure, compatibilità o fabbricazione."
generated/set13-soc-tensor4.png,soc-tensor4,13,soc,69e378b6b6ce86cb9d73dbb7503f1d929f366c3160a9716cf25de4fc7089a309,True,RGBA,1024,1024,"[172, 172, 852, 852]",0,255,True,True,"Downloaded-source contact sheet, registered crop; selected full-resolution details",REVIEWED_NO_ADDITIONAL_OBVIOUS_ISSUE_AT_SHEET_SCALE,"Revisione visiva della tavola del SET; non certifica microtesto, misure, compatibilità o fabbricazione."
generated/set13-sto-256u4.png,sto-256u4,13,storage,1f2bfdd53c3919f51bbbe960e63f410282cf6e9ab0264e22483ab07c69fcd45f,True,RGBA,976,1104,"[108, 108, 868, 998]",0,255,True,True,"Downloaded-source contact sheet, registered crop; selected full-resolution details",REVIEWED_NO_ADDITIONAL_OBVIOUS_ISSUE_AT_SHEET_SCALE,"Revisione visiva della tavola del SET; non certifica microtesto, misure, compatibilità o fabbricazione."
generated/set13-sto-32.png,sto-32,13,storage,7594c8c7924c7386ffba363fc1edb42443fd957d143f5d16ef7593e5e39834b9,True,RGBA,1408,768,"[487, 126, 921, 642]",0,255,True,False,"Downloaded-source contact sheet, registered crop; selected full-resolution details",REVIEWED_NO_ADDITIONAL_OBVIOUS_ISSUE_AT_SHEET_SCALE,"Revisione visiva della tavola del SET; non certifica microtesto, misure, compatibilità o fabbricazione."
generated/set13-sto-512u31.png,sto-512u31,13,storage,ab909f1393fc3f7c01e93205b01e30041db78b270cc839e2133ef6ffd2ce39b0,True,RGBA,976,1104,"[100, 100, 876, 1005]",0,255,True,True,"Downloaded-source contact sheet, registered crop; selected full-resolution details",REVIEWED_NO_ADDITIONAL_OBVIOUS_ISSUE_AT_SHEET_SCALE,"Revisione visiva della tavola del SET; non certifica microtesto, misure, compatibilità o fabbricazione."
generated/set14-bat-8000.png,bat-8000,14,battery,275d1b9e2940e1c037c28bf6b4a6ade4523fa827f9c4955a5eac100e7b59b549,True,RGBA,848,1264,"[163, 190, 686, 1074]",0,255,True,True,"Downloaded-source contact sheet, registered crop; selected full-resolution details",REVIEWED_NO_ADDITIONAL_OBVIOUS_ISSUE_AT_SHEET_SCALE,"Revisione visiva della tavola del SET; non certifica microtesto, misure, compatibilità o fabbricazione."
generated/set14-bat-stacked.png,bat-stacked,14,battery,65b3c6ba979ac831785d1e36899cccab652705986f391a410948334cf24745fe,True,RGBA,848,1264,"[148, 118, 701, 1126]",0,255,True,True,"Downloaded-source contact sheet, registered crop; selected full-resolution details",REVIEWED_NO_ADDITIONAL_OBVIOUS_ISSUE_AT_SHEET_SCALE,"Revisione visiva della tavola del SET; non certifica microtesto, misure, compatibilità o fabbricazione."
generated/set14-disp-lcd67.png,disp-lcd67,14,display,266a197944703ddc7f78723169e41748ab66b11764a764074526097b75e97e0c,True,RGBA,848,1264,"[180, 100, 667, 1223]",0,255,True,True,"Downloaded-source contact sheet, registered crop; selected full-resolution details",REVIEWED_NO_ADDITIONAL_OBVIOUS_ISSUE_AT_SHEET_SCALE,"Revisione visiva della tavola del SET; non certifica microtesto, misure, compatibilità o fabbricazione."
generated/set14-disp-oled61.png,disp-oled61,14,display,7e489b77993b220ab3386b14989a23f8581b61b88cf5f38b07b7114a551306bb,True,RGBA,1408,768,"[566, 58, 842, 714]",0,255,True,True,"Downloaded-source contact sheet, registered crop; selected full-resolution details",REVIEWED_NO_ADDITIONAL_OBVIOUS_ISSUE_AT_SHEET_SCALE,"Revisione visiva della tavola del SET; non certifica microtesto, misure, compatibilità o fabbricazione."
generated/set14-disp-fold.png,disp-fold,14,display,8e1c4bef3f2bfe6dc765ff4be11a01c75cd1c944e4f23a72ad82f8d850475700,True,RGBA,1408,768,"[325, 75, 1083, 736]",0,255,True,False,"Downloaded-source contact sheet, registered crop; selected full-resolution details",REVIEWED_WITH_ISSUE,Display largo nel raster; rapporto attivo e accoppiamento UTG/frame non validati; non montare automaticamente.
generated/set14-disp-eco.png,disp-eco,14,display,a209667175dc9d9de688b08b7975dece4bd07b37d90f657d9c8a75050ac06612,True,RGBA,688,1536,"[67, 102, 621, 1461]",0,255,True,True,"Downloaded-source contact sheet, registered crop; selected full-resolution details",REVIEWED_NO_ADDITIONAL_OBVIOUS_ISSUE_AT_SHEET_SCALE,"Revisione visiva della tavola del SET; non certifica microtesto, misure, compatibilità o fabbricazione."
generated/set14-glass-gg3.png,glass-gg3,14,glass,acb2e91ae06a6b55eba056d13c9fdd5d73b80d1af1f6ff37a2bf666ba7cb7678,True,RGBA,704,1520,"[41, 43, 663, 1477]",0,255,True,True,"Downloaded-source contact sheet, registered crop; selected full-resolution details",REVIEWED_NO_ADDITIONAL_OBVIOUS_ISSUE_AT_SHEET_SCALE,"Revisione visiva della tavola del SET; non certifica microtesto, misure, compatibilità o fabbricazione."
generated/set14-glass-gg7.png,glass-gg7,14,glass,23655c60b32ab30c2f9e3da20b4459ea49997ad58a1f1f4880fb721fb7e70af9,True,RGBA,704,1520,"[60, 114, 644, 1407]",0,255,True,True,"Downloaded-source contact sheet, registered crop; selected full-resolution details",REVIEWED_NO_ADDITIONAL_OBVIOUS_ISSUE_AT_SHEET_SCALE,"Revisione visiva della tavola del SET; non certifica microtesto, misure, compatibilità o fabbricazione."
generated/set14-glass-utg.png,glass-utg,14,glass,314ec21b92da54c2e62fd54a207c2942c3b7837dea78a3d4c9f32269f9b80d4a,True,RGBA,1408,768,"[410, 45, 998, 724]",0,255,True,False,"Downloaded-source contact sheet, registered crop; selected full-resolution details",REVIEWED_NO_ADDITIONAL_OBVIOUS_ISSUE_AT_SHEET_SCALE,"Revisione visiva della tavola del SET; non certifica microtesto, misure, compatibilità o fabbricazione."
generated/set14-back-red.png,back-red,14,backcover,47dc6d217504f757c8e3e575f62a46d91b741c8f2a180aa11299165b6433ae88,True,RGBA,704,1520,"[74, 163, 630, 1358]",0,255,True,True,"Downloaded-source contact sheet, registered crop; selected full-resolution details",REVIEWED_NO_ADDITIONAL_OBVIOUS_ISSUE_AT_SHEET_SCALE,"Revisione visiva della tavola del SET; non certifica microtesto, misure, compatibilità o fabbricazione."
generated/set15-back-black.png,back-black,15,backcover,7b613d515cb9ec848f35115f24e7ab88b70f4c1fac4c2527cb3572e66c0f1420,True,RGBA,704,1520,"[72, 124, 632, 1383]",0,255,True,True,"Downloaded-source contact sheet, registered crop; selected full-resolution details",REVIEWED_NO_ADDITIONAL_OBVIOUS_ISSUE_AT_SHEET_SCALE,"Revisione visiva della tavola del SET; non certifica microtesto, misure, compatibilità o fabbricazione."
generated/set15-back-white.png,back-white,15,backcover,f7a4b96541d03deccff2bb7843ca9c0745aeba42acc8fbe868bd3ff75c10db37,True,RGBA,704,1520,"[59, 102, 641, 1419]",0,255,True,True,"Downloaded-source contact sheet, registered crop; selected full-resolution details",REVIEWED_NO_ADDITIONAL_OBVIOUS_ISSUE_AT_SHEET_SCALE,"Revisione visiva della tavola del SET; non certifica microtesto, misure, compatibilità o fabbricazione."
generated/set15-back-carbon.png,back-carbon,15,backcover,2626c5a516583e3950cc3030d5df1ced27ae0aa0a0a3dec74c90c41e25278e6a,True,RGBA,704,1520,"[43, 92, 662, 1429]",0,255,True,True,"Downloaded-source contact sheet, registered crop; selected full-resolution details",REVIEWED_NO_ADDITIONAL_OBVIOUS_ISSUE_AT_SHEET_SCALE,"Revisione visiva della tavola del SET; non certifica microtesto, misure, compatibilità o fabbricazione."
generated/set15-back-wood.png,back-wood,15,backcover,5fdccb4aa39cfe3cb85b289b7ed31426e8fb5c5063e5cd614adcb0d304982d2b,True,RGBA,704,1520,"[52, 123, 652, 1397]",0,255,True,True,"Downloaded-source contact sheet, registered crop; selected full-resolution details",REVIEWED_NO_ADDITIONAL_OBVIOUS_ISSUE_AT_SHEET_SCALE,"Revisione visiva della tavola del SET; non certifica microtesto, misure, compatibilità o fabbricazione."
generated/set15-cam-uw.png,cam-uw,15,cameraRear,5d2401bc7878fd64277a023c6f8121fdbd0aeceb396e66be064b680368ce9b24,True,RGBA,1408,768,"[396, 139, 1106, 662]",0,255,True,False,"Downloaded-source contact sheet, registered crop; selected full-resolution details",REVIEWED_NO_ADDITIONAL_OBVIOUS_ISSUE_AT_SHEET_SCALE,"Revisione visiva della tavola del SET; non certifica microtesto, misure, compatibilità o fabbricazione."
generated/set15-cam-peri10.png,cam-peri10,15,cameraRear,0cdce02faa218887134556ebb3dc9b62aff226128c09691d590cb3d3722ccea1,True,RGBA,1376,768,"[158, 248, 1231, 524]",0,255,True,False,"Downloaded-source contact sheet, registered crop; selected full-resolution details",REVIEWED_NO_ADDITIONAL_OBVIOUS_ISSUE_AT_SHEET_SCALE,"Revisione visiva della tavola del SET; non certifica microtesto, misure, compatibilità o fabbricazione."
generated/set15-spk-hires.png,spk-hires,15,speaker,710f589a7080ababdf43edec2ddbac84277422439839b24c1d4c05435d0de293,True,RGBA,1408,768,"[340, 168, 1068, 600]",0,255,True,True,"Downloaded-source contact sheet, registered crop; selected full-resolution details",REVIEWED_NO_ADDITIONAL_OBVIOUS_ISSUE_AT_SHEET_SCALE,"Revisione visiva della tavola del SET; non certifica microtesto, misure, compatibilità o fabbricazione."
generated/set15-usb-pd.png,usb-pd,15,usb,9c2f12bf2ff2275ce63e8dfb67c59472d07040c56fceda5c0556bc2a810694b1,True,RGBA,1408,768,"[494, 86, 914, 679]",0,255,True,True,"Downloaded-source contact sheet, registered crop; selected full-resolution details",REVIEWED_NO_ADDITIONAL_OBVIOUS_ISSUE_AT_SHEET_SCALE,"Revisione visiva della tavola del SET; non certifica microtesto, misure, compatibilità o fabbricazione."
generated/set15-cons-thermalp.png,cons-thermalp,15,frame,97773e8006a8e428826493946189a726b21f60e902b5313c20027fd1ceeb5cf4,True,RGBA,1408,768,"[97, 92, 1311, 676]",0,255,True,False,"Downloaded-source contact sheet, registered crop; selected full-resolution details",REVIEWED_NO_ADDITIONAL_OBVIOUS_ISSUE_AT_SHEET_SCALE,"Revisione visiva della tavola del SET; non certifica microtesto, misure, compatibilità o fabbricazione."
generated/set15-cons-kapton.png,cons-kapton,15,frame,c29a8e53be5a0a32c77aaaf96298c987488c049e12682752aa6218d95dd3001c,True,RGBA,1408,768,"[333, 78, 1224, 716]",0,255,True,False,"Downloaded-source contact sheet, registered crop; selected full-resolution details",REVIEWED_NO_ADDITIONAL_OBVIOUS_ISSUE_AT_SHEET_SCALE,"Revisione visiva della tavola del SET; non certifica microtesto, misure, compatibilità o fabbricazione."
generated/set16-cons-ipa.png,cons-ipa,16,frame,53cfd0f80f43f59cd8398d7683bdcf78031e86a21686f19e0a69a829a9809c40,True,RGBA,1408,768,"[593, 106, 815, 664]",0,255,True,False,"Downloaded-source contact sheet, registered crop; selected full-resolution details",REVIEWED_NO_ADDITIONAL_OBVIOUS_ISSUE_AT_SHEET_SCALE,"Dettaglio scaricato riesaminato: IPA 99% 100 ml / un paio di pinzette ESD; solo inventario, nessun montaggio."
generated/set16-cons-tweezers.png,cons-tweezers,16,frame,d62c0b355c16ed29c9f286a84954ad6f74aac25c45ad1bcad0247e93031d1555,True,RGBA,1408,768,"[142, 335, 1266, 434]",0,255,True,False,"Downloaded-source contact sheet, registered crop; selected full-resolution details",REVIEWED_NO_ADDITIONAL_OBVIOUS_ISSUE_AT_SHEET_SCALE,"Dettaglio scaricato riesaminato: IPA 99% 100 ml / un paio di pinzette ESD; solo inventario, nessun montaggio."
